id,domain,status,purchase_price,renewal_price,attractiveness,demand,length,registrar,created_at,expires_at,status_verified_at
417d9eeb-9396-4290-9064-b5bded42b11c,lincoln.la,resell,,,high,medium,7,,,,16/09/2026 16:51
583b9d96-77d3-4d85-a584-2a073279309b,redheaded.la,available,27.99,27.99,high,medium,9,namesilo,,,09/09/2026 12:21
33e1f44d-451e-4995-9347-05304b612d66,bedder.la,available,27.99,27.99,medium,low,6,namesilo,,,22/09/2026 23:13
1314d3ee-4378-4413-b38e-ad1b39da9fb5,sparely.la,available,27.99,27.99,medium,low,7,namesilo,,,16/09/2026 05:49
dacb5f7a-2c86-4099-8620-a43731028343,agrypnia.la,available,32.98,41.98,medium,low,8,namecheap,,,17/09/2026 20:02
d1dd72fb-ce64-4c24-ab67-ae157b5e469c,protozoan.la,available,27.99,27.99,medium,low,9,namesilo,,,09/09/2026 04:12
4d97c2d1-c5b3-4e7a-9966-a60131e4c091,conjoint.la,available,27.99,27.99,medium,low,8,namesilo,,,12/08/2026 22:05
803118a6-9f63-43d9-86d2-4604f45b6186,anorak.la,available,27.99,27.99,high,low,6,namesilo,,,19/09/2026 11:41
8dc94c0f-97e8-462c-9d63-7f95000525b4,sublunary.la,available,27.99,27.99,medium,low,9,namesilo,,,12/08/2026 08:28
4f1e4a7c-cb76-4864-b9bd-7ef7b0b5709c,middling.la,available,27.99,27.99,medium,low,8,namesilo,,,22/08/2026 13:46
368151de-449b-4f74-8bae-aa1a0254024d,braced.la,available,27.99,27.99,medium,low,6,namesilo,,,11/08/2026 00:17
3d02396a-52da-48a9-9240-f02351f206f8,tropically.la,available,32.98,41.98,medium,low,10,namecheap,,,16/09/2026 09:33
92740fa5-2c54-42da-85c1-9d6be077f012,purposely.la,available,27.99,27.99,medium,low,9,namesilo,,,13/09/2026 17:36
fec31312-c430-4ae7-a08b-cc152c564c9c,crumpled.la,available,27.99,27.99,medium,low,8,namesilo,,,13/08/2026 09:06
98724395-24af-49aa-a825-80a4e4cc4225,computing.la,resell,,,high,low,9,LA Domain Names,04/09/2019 18:50,04/09/2027 23:59,19/09/2026 12:12
a9de5e97-f080-4083-8c74-e1ec1dd193e0,touchy.la,available,27.99,27.99,medium,low,6,namesilo,,,21/08/2026 14:42
c33fdce1-4765-4369-abf3-8519d5eaa466,syrian.la,available,27.99,27.99,high,low,6,namesilo,,,11/09/2026 06:43
1444026a-22f0-4277-b892-c5516a7d79bf,fatigue.la,available,27.99,27.99,high,low,7,namesilo,,,25/09/2026 11:36
47859a67-722a-42d8-9dad-e67c0efd4e30,extend.la,resell,,,high,low,6,VIPDomains.LA  Founders Program,28/05/2024 16:52,28/05/2027 23:59,25/09/2026 09:52
93877960-b3b3-4527-8f4a-1d2a98a50a2d,precocial.la,available,27.99,27.99,high,medium,9,namesilo,,,09/09/2026 01:15
cae621e6-56b5-4285-811a-f6f43cd70f88,concoct.la,available,27.99,27.99,high,low,7,namesilo,,,
19ffc5c1-9f58-437a-b0d3-412ddc6b7cc8,munchausen.la,available,27.99,27.99,medium,low,10,namesilo,,,22/09/2026 07:14
8d9acd7a-fb14-41e9-9df6-9e89df308cef,licenced.la,available,27.99,27.99,medium,low,8,namesilo,,,21/09/2026 15:56
ce62ef58-59dc-4dc1-a702-3bff430eb197,smarmy.la,available,27.99,27.99,medium,low,6,namesilo,,,11/08/2026 11:46
ce126623-9b85-4cf4-8583-c2361435076d,bias.la,available,27.99,27.99,medium,low,4,namesilo,,,09/08/2026 18:35
c346c7d9-d26c-4d2f-b91e-10cb5b98cad8,boyne.la,available,27.99,27.99,medium,low,5,namesilo,,,22/09/2026 14:51
2b53200d-613b-49d4-8c6a-5aa698996d46,established.la,available,27.99,27.99,high,low,11,namesilo,,,
a9328687-fbaf-4eb2-b85f-a729284d65e8,acrid.la,available,27.99,27.99,medium,low,5,namesilo,,,
06fb8f37-42c4-4df3-8cba-f31548fd8575,westerly.la,available,27.99,27.99,medium,low,8,namesilo,,,13/09/2026 10:53
f43b68ce-afcb-48e5-a1c2-8f55e4afe4bc,dabbler.la,available,27.99,27.99,medium,low,7,namesilo,,,14/08/2026 07:42
7ec65554-e5cc-4954-93ed-9ff6aba04514,charitably.la,available,27.99,27.99,medium,low,10,namesilo,,,14/09/2026 06:19
a29e7a35-bac0-4b05-8bdb-896b0c81989a,user.la,resell,,,high,medium,4,,,,25/09/2026 00:16
2f9c9307-2fe1-44fd-b988-12340168100f,perplex.la,available,27.99,27.99,high,low,7,namesilo,,,21/09/2026 17:26
62b4ab91-c969-469c-9a67-c856f3bf7629,annelid.la,available,27.99,27.99,medium,low,7,namesilo,,,
636feb25-17d2-4db9-a625-8bd8460c63a9,crowd.la,resell,,,high,low,5,LA Domain Names,10/08/2013 01:44,10/08/2027 23:59,
5f42771e-68a8-4918-98e5-43eb75676b06,filmy.la,available,27.99,27.99,high,low,5,namesilo,,,12/08/2026 14:28
064999a4-c406-4a77-8a4f-c14bfe56b6fd,exec.la,resell,,,high,low,4,LA Domain Names,03/11/2023 08:15,03/11/2026 23:59,
160403b6-4bd6-4c5c-8f67-e7eeadbbf439,wickedness.la,available,27.99,27.99,medium,low,10,namesilo,,,17/08/2026 15:06
a405c8ed-62d4-434a-be15-5eb85c9b28e4,debased.la,available,27.99,27.99,medium,low,7,namesilo,,,
8e9892a4-e825-4ff5-9213-ec3198b31406,mistreated.la,available,27.99,27.99,medium,low,10,namesilo,,,21/08/2026 19:35
6be5bdc8-0ad0-43e2-912c-4a4533ee14d6,quick.la,resell,,,high,medium,5,.LA Founders Premium Program,12/03/2016 04:14,12/03/2027 23:59,21/09/2026 23:09
51affdc7-aa17-4420-86ad-1ab0982e0e13,marginal.la,available,27.99,27.99,high,low,8,namesilo,,,23/09/2026 00:04
7c1cb47e-374b-42ab-87e7-698d5c9fc69f,outback.la,available,32.98,41.98,high,low,7,namecheap,,,26/09/2026 03:21
2db928b7-b061-4c4d-9d7b-432309188d21,paired.la,available,27.99,27.99,high,low,6,namesilo,,,04/09/2026 23:11
47e3a653-f355-47fb-aaaf-974eab4a0ea1,icelandic.la,available,27.99,27.99,high,low,9,namesilo,,,21/08/2026 17:45
2440e570-9d47-41ce-9240-df4b209976c4,sounded.la,available,39,,medium,low,7,name.com,,,
5a3937c1-3ed2-4e3a-9a6a-cedaaad1fe37,chequered.la,available,27.99,27.99,medium,low,9,namesilo,,,12/08/2026 03:40
b2fa091a-d53d-40fb-81a8-c88f3925edb3,likable.la,available,27.99,27.99,high,low,7,namesilo,,,23/08/2026 06:14
c8db0140-3741-45f3-b8ef-be4ae78343db,nonsuch.la,available,32.98,41.98,medium,low,7,namecheap,,,03/09/2026 20:15
a14df6c2-eb93-45a9-b7eb-316d7853e75e,noncurrent.la,available,32.98,41.98,medium,low,10,namecheap,,,03/09/2026 19:01
6728eefc-71a3-4961-8841-d1dcb3af42f4,whom.la,available,27.99,27.99,medium,low,4,namesilo,,,
88805b93-11b2-4ee0-91fe-d756021aed2c,same.la,resell,,,high,low,4,LA Domain Names,16/07/2026 08:00,16/07/2027 23:59,25/09/2026 13:44
ce986ae6-cc40-4d6d-8171-4d40f7752182,unsold.la,available,32.98,41.98,medium,low,6,namecheap,,,12/09/2026 20:17
8ad25976-5261-458f-96ed-deb58a12504b,repelling.la,available,27.99,27.99,medium,low,9,namesilo,,,14/08/2026 10:43
980be838-4925-477d-abcf-f660db8a01a9,hittite.la,available,27.99,27.99,medium,low,7,namesilo,,,21/08/2026 10:00
4eac70d0-9c06-4dc0-b2be-990b49e11e1a,centres.la,available,27.99,27.99,medium,low,7,namesilo,,,20/09/2026 08:17
7fb5c9cc-9562-4d39-8b00-cddc06b30b3b,journal.la,resell,,,high,low,7,.LA Founders Premium Program,27/03/2016 01:27,27/03/2027 23:59,19/09/2026 18:05
3e32c703-d4d9-4dd1-a9ab-1d10dce3d33e,bewilder.la,available,27.99,27.99,high,low,8,namesilo,,,21/09/2026 17:30
18eb15af-2456-4a17-94c7-7b9141f56801,two.la,resell,,,high,low,3,LA Domain Names,24/03/2019 03:09,24/03/2027 23:59,21/09/2026 12:14
e52fa03a-bbf6-4bef-86a6-f2e65efb1aca,franciscan.la,available,27.99,27.99,high,low,10,namesilo,,,18/08/2026 14:06
3be8b222-d8a1-4d36-9716-65270c9dd2c0,louse.la,available,32.98,41.98,medium,low,5,namecheap,,,23/09/2026 20:00
cf820f46-0bb6-48c3-8bc7-d557d3b7e337,holloway.la,available,27.99,27.99,high,low,8,namesilo,,,26/09/2026 03:22
7f887c67-0a89-4dc0-b8b7-1911e738a5fe,javan.la,available,27.99,27.99,high,low,5,namesilo,,,22/08/2026 12:30
f82def06-5da4-4c5a-bf50-b48e3aa81e9a,albula.la,available,32.98,41.98,medium,low,6,namecheap,,,18/09/2026 03:24
e4fd58e2-26a7-4b49-85d7-a5fa327b60a1,frustrated.la,available,27.99,27.99,medium,low,10,namesilo,,,24/09/2026 10:57
af89abfb-88e8-4bd6-acb2-35eebfef7476,favored.la,available,32.98,41.98,high,low,7,namecheap,,,22/09/2026 20:01
74b6b051-296a-4359-9113-e694d044ddc6,miracle.la,resell,,,high,low,7,.LA Founders Premium Program,17/03/2016 23:55,17/03/2027 23:59,
37e5c630-3687-4937-8c0e-9efcc5808559,audibly.la,available,27.99,27.99,medium,low,7,namesilo,,,13/09/2026 22:44
7d398579-854c-47d2-a900-6953361f0e0e,absorb.la,available,32.98,41.98,high,low,6,namecheap,,,10/09/2026 19:56
c36558f9-0f1b-421b-a861-32ea80fe556e,cloze.la,available,27.99,27.99,medium,low,5,namesilo,,,12/08/2026 12:54
c8ebe255-7135-4076-a2ef-c97b460ec875,compeer.la,available,27.99,27.99,high,low,7,namesilo,,,17/08/2026 11:35
2040e869-5497-406b-8431-23b1f3d569b5,acme.la,resell,,,high,medium,4,LA Domain Names,23/12/2025 23:46,23/12/2026 23:59,26/09/2026 01:21
af37ae10-8c66-4d07-867b-e58152c5b16a,adoring.la,available,32.98,41.98,high,low,7,namecheap,,,21/09/2026 19:41
bdaabd1c-73d3-4d39-b11c-c089d6e033d8,matched.la,available,27.99,27.99,high,low,7,namesilo,,,25/09/2026 17:44
097b6841-4bc5-4a8d-bb5c-182ec5cce52b,instead.la,available,27.99,27.99,high,low,7,namesilo,,,
228ddbb0-0a8f-495d-8fb2-98bc2b663788,menial.la,available,32.98,41.98,medium,low,6,namecheap,,,24/08/2026 20:12
9635794f-ae3b-4082-9e1c-6c10111c34d8,purpleness.la,available,27.99,27.99,high,medium,10,namesilo,,,09/09/2026 06:23
e6417a3f-3906-4b60-9978-dc77a4a8eea7,carangid.la,available,32.98,41.98,medium,low,8,namecheap,,,11/08/2026 18:31
62993a3a-42ef-45c9-b7c3-41eac7d837c6,ninefold.la,available,27.99,27.99,medium,low,8,namesilo,,,03/09/2026 17:31
e9fb9c54-696e-47b2-b9d0-b5c8c3a16301,ablated.la,available,27.99,27.99,medium,low,7,namesilo,,,
108da1ca-83cb-4e00-9077-5d3d02a057f3,arabist.la,available,27.99,27.99,medium,low,7,namesilo,,,19/09/2026 23:35
3e6ab2bb-6824-4703-87f8-94ffc3056626,beacon.la,resell,,,high,medium,6,LA Domain Names,03/03/2023 10:54,03/03/2027 23:59,26/09/2026 04:18
24f7351c-b727-4f6d-aab1-a35421cf3589,asiatic.la,available,27.99,27.99,medium,low,7,namesilo,,,07/08/2026 02:29
8a8682a8-0621-45e9-8e54-94d7a808ecf6,apologia.la,available,32.98,41.98,medium,low,8,namecheap,,,19/09/2026 18:44
55130a0e-fcd4-408d-84a2-2c30ad7f28d5,virginia.la,available,32.98,41.98,high,low,8,namecheap,,,25/09/2026 09:38
48c387a2-4e1f-4ea4-a28c-f7d8a89cdeac,caisson.la,available,32.98,41.98,medium,low,7,namecheap,,,18/09/2026 22:17
232f7e55-8cbf-42e7-9288-8b416f297f6d,dizzy.la,available,27.99,27.99,high,low,5,namesilo,,,
d0c55924-50cb-4333-90ca-b2d7ce5778ad,attainable.la,available,32.98,41.98,high,low,10,namecheap,,,19/09/2026 04:15
e601e825-3d8e-4df1-9e1d-1ffb4855585b,dusky.la,available,32.98,41.98,high,low,5,namecheap,,,14/08/2026 21:32
c5628071-53cf-4582-a0cb-599894aa6ba0,stuck.la,available,27.99,27.99,medium,low,5,namesilo,,,
e692e355-ea3e-4324-b330-70c01dbe08e6,wintertime.la,available,27.99,27.99,high,low,11,namesilo,,,
3ec7b84e-ef3a-47f9-8895-614615dd32b5,analyzable.la,available,27.99,27.99,medium,low,10,namesilo,,,
8146565b-fbe1-4349-a0a0-84f81d2b43bc,dactylic.la,available,39,46.99,medium,low,8,name.com,,,13/08/2026 15:27
e0b38b40-c0c6-47a6-94aa-6be3ce249219,advantage.la,resell,,,high,low,9,LA Domain Names,23/02/2018 01:00,23/02/2027 23:59,26/09/2026 01:23
86908d7d-536e-48f0-8653-980a53728409,wulfila.la,available,27.99,27.99,medium,low,7,namesilo,,,23/09/2026 21:57
016b91a5-92b3-41b8-a8d7-18b486fa06d1,refusing.la,available,27.99,27.99,low,low,8,namesilo,,,17/09/2026 15:40
ca1bf88b-6c7e-4260-9926-c459e919f7e4,bohrium.la,available,27.99,27.99,medium,low,7,namesilo,,,20/09/2026 22:07
cd6d90c5-4acb-4ee1-9c89-4338f6a21475,modem.la,available,39,,high,low,5,name.com,,,
3f1089d3-413a-4cc3-829e-febc2340ee3a,xcii.la,available,32.98,41.98,medium,low,4,namecheap,,,
4b7e7340-3b37-4d9c-bd30-334e7cbb8fbc,bypast.la,available,27.99,27.99,medium,low,6,namesilo,,,11/08/2026 12:08
99d98f65-b150-48b8-8033-416793a32d74,nap.la,resell,,,high,low,3,,,,24/09/2026 13:06
8c6ed771-c82c-43db-91e7-eac3c807a1cf,ruffled.la,available,27.99,27.99,medium,low,7,namesilo,,,18/08/2026 15:53
9ce2a54c-86e1-48fc-8584-5f0b4f69a6ed,sightless.la,available,27.99,27.99,high,medium,9,namesilo,,,10/09/2026 07:56
c7b90390-d591-49f1-91c2-a2e762388c63,vindictive.la,available,27.99,27.99,medium,low,10,namesilo,,,14/08/2026 04:21
f37ea3bd-5b5b-4322-8a12-80191298c54f,supportive.la,available,27.99,27.99,high,low,10,namesilo,,,
25cdcb2e-78cf-4ce1-a982-5c9c25e5a403,simply.la,resell,,,high,medium,6,LA Domain Names,25/04/2019 09:33,25/04/2027 23:59,25/09/2026 12:19
e8528441-9c46-4307-af89-51bfd12f4b7a,possibility.la,available,27.99,27.99,high,low,11,namesilo,,,25/09/2026 16:40
cd3a3acb-91b8-4394-a743-84d119db8c13,manganese.la,available,27.99,27.99,high,low,9,namesilo,,,20/09/2026 22:40
181c574f-6274-4c70-874e-95911c7c305e,fervid.la,available,27.99,27.99,high,low,6,namesilo,,,06/08/2026 16:19
62e4a977-cb0a-41c2-949c-4f9ea376a7a6,fogbound.la,available,27.99,27.99,medium,low,8,namesilo,,,18/08/2026 09:49
c9a214de-8ce4-4507-899c-4d641c32317d,honest.la,resell,,,high,low,6,LA Domain Names,24/04/2021 09:42,24/04/2027 23:59,21/08/2026 13:19
00eb8484-b403-4357-a8dd-44c863d81ad5,cacophonic.la,available,27.99,27.99,low,low,10,namesilo,,,11/08/2026 12:33
4fc6b630-8763-4f52-89c1-a1cce687276b,healthful.la,available,27.99,27.99,high,low,9,namesilo,,,21/08/2026 02:02
89fba8b1-3ebb-47f6-83c0-6bb32d9f4bc5,propertied.la,available,27.99,27.99,medium,low,10,namesilo,,,09/09/2026 03:34
bbc2a12e-fdfa-493b-939e-cde3783c5d50,invariant.la,available,27.99,27.99,high,low,9,namesilo,,,12/08/2026 22:54
b63eafe2-5389-4983-a1e9-2117bb48d4fd,biface.la,available,32.98,41.98,medium,low,6,namecheap,,,09/08/2026 19:55
6a607f67-bf47-4af0-b02a-4aed4c3ea78e,ebony.la,available,27.99,27.99,high,low,5,namesilo,,,14/08/2026 23:09
17b5c560-e44d-4b1e-bfea-28f799103de7,subdued.la,available,27.99,27.99,medium,low,7,namesilo,,,14/08/2026 07:54
e7dbd04d-9ccb-438e-b061-4ccb4ae0f128,dias.la,resell,,,high,low,4,,,,22/09/2026 09:17
4a82b03e-08a6-4c61-88f3-156c86932863,unloose.la,available,27.99,27.99,medium,low,7,namesilo,,,18/08/2026 14:34
b5354049-6240-453d-9495-988ff088d85a,adopter.la,available,32.98,41.98,medium,low,7,namecheap,,,17/09/2026 09:39
3c8b1221-6716-4439-b107-4944b0767025,kindled.la,available,27.99,27.99,high,low,7,namesilo,,,17/08/2026 09:33
8dc5f7c9-90b8-4d34-a05f-d78a08717f73,avery.la,available,27.99,27.99,high,low,5,namesilo,,,25/09/2026 15:31
16239af3-98af-47c0-a1e7-fd069994a145,worked.la,available,27.99,27.99,high,low,6,namesilo,,,
50e9dcad-662e-4bb7-828a-0e0ef08851b4,notebooks.la,available,32.98,41.98,medium,low,9,namecheap,,,20/09/2026 11:51
1697eb3f-1a61-4f8e-b4c8-d3ed4f957640,consul.la,available,27.99,27.99,high,low,6,namesilo,,,24/09/2026 17:37
f2d1e9eb-a93c-4803-8dfa-3942e42011de,ungrateful.la,available,27.99,27.99,medium,low,10,namesilo,,,11/09/2026 12:26
20a7150c-b50c-4210-be91-9d075a384312,chick.la,available,32.98,41.98,high,low,5,namecheap,,,24/09/2026 14:27
89f83ff8-abdb-44cc-a9bf-bbe1dd7bdb71,fecal.la,available,27.99,27.99,medium,low,5,namesilo,,,17/08/2026 20:38
8346dcd8-6fc1-48bb-bdab-c3e13fc24479,eparchial.la,available,27.99,27.99,low,low,9,namesilo,,,17/08/2026 10:12
b7802e1d-022c-4a59-8507-a39b396a2c7b,darken.la,available,27.99,27.99,high,low,6,namesilo,,,
878cd163-1001-4c63-bc7f-2ad7bfd37a70,sociable.la,available,27.99,27.99,high,medium,8,namesilo,,,10/09/2026 13:08
29e96823-9f0c-46ec-81b9-97e8f74bdd3f,affiliated.la,available,27.99,27.99,high,low,10,namesilo,,,
a89897f1-b6eb-42a7-9b26-5f3e891776d4,organizations.la,resell,,,medium,low,13,VIPDomains.LA  Founders Program,01/11/2014 15:29,01/11/2026 23:59,
cfa302ba-d019-43f4-8627-b4fb9f02aa4d,arachnida.la,available,32.98,41.98,medium,low,9,namecheap,,,19/09/2026 23:41
f065fb13-b2a8-4074-84b9-6a6b6fbc2a8f,eminently.la,available,27.99,27.99,medium,low,9,namesilo,,,14/09/2026 15:19
61296d15-bf1c-487a-ab17-1d86101d12eb,having.la,available,27.99,27.99,high,low,6,namesilo,,,
5d36086b-faa2-4ffb-8c57-e3c86549f7cd,annexa.la,available,27.99,27.99,medium,low,6,namesilo,,,17/09/2026 09:06
8e60da4c-942f-4b19-8321-a63a6b36aa44,burlington.la,available,27.99,27.99,high,low,10,namesilo,,,25/09/2026 03:41
163b4c21-4dd8-43f9-ac28-597185e8a71e,dormant.la,available,27.99,27.99,high,low,7,namesilo,,,
61bfb538-230f-43d5-83ed-64e9e90ef872,aesthesia.la,available,27.99,27.99,medium,low,9,namesilo,,,17/09/2026 13:26
6c7458c7-9e48-4cdd-9fbf-309297809353,actable.la,available,32.98,41.98,medium,low,7,namecheap,,,
d157ec64-b5ea-403a-8778-8832416be9d5,edirne.la,available,27.99,27.99,medium,low,6,namesilo,,,17/09/2026 10:01
96287bff-0c8b-4191-a045-c73c2d15f10a,twenty.la,available,27.99,27.99,high,low,6,namesilo,,,21/09/2026 12:24
22dd4971-c7cd-454a-b471-b424eed27256,anasarca.la,available,32.98,41.98,medium,low,8,namecheap,,,19/09/2026 03:14
8f0233bb-5f40-4408-814d-c9e14b5522ed,destitute.la,available,27.99,27.99,medium,low,9,namesilo,,,14/08/2026 04:32
78a15b3b-eb75-455d-857a-dd5a36068d91,higgins.la,available,27.99,27.99,high,low,7,namesilo,,,25/09/2026 13:27
f7e35dad-d6e0-4d24-a766-a44cecd04f25,humour.la,available,32.98,41.98,high,low,6,namecheap,,,24/09/2026 06:31
89edebfb-0b45-490f-a5d1-271bdc6179b4,discordant.la,available,27.99,27.99,medium,low,10,namesilo,,,14/08/2026 10:00
9891de37-c3d4-4253-a87a-a787f6cef204,upsetting.la,available,27.99,27.99,medium,low,9,namesilo,,,14/08/2026 09:55
7a5e0e69-c906-4555-beb4-b632b7c40f5d,intact.la,available,27.99,27.99,high,low,6,namesilo,,,22/08/2026 07:49
669cd853-73f4-4d0b-8b6b-ab536bb445d1,lyons.la,resell,,,high,low,5,,,,25/09/2026 06:03
1cfdeb97-2563-4157-9046-89e314d94c9b,adaptative.la,available,27.99,27.99,high,low,10,namesilo,,,21/09/2026 16:59
724b1ea0-0aa2-477c-95f4-ae24f55af8f5,becalm.la,available,27.99,27.99,medium,low,6,namesilo,,,10/09/2026 19:38
b472f81d-2747-438e-93f1-b7af2d929b5c,upstanding.la,available,27.99,27.99,high,low,10,namesilo,,,12/09/2026 23:22
442a32e3-71dc-4cd1-8c3b-10d5d7eea692,bigotry.la,available,32.98,41.98,medium,low,7,namecheap,,,23/09/2026 15:23
7a46ed03-132f-43c2-9fa2-de2be37b35d9,olympic.la,resell,,,high,high,7,.LA Premium Names Program,09/04/2016 01:19,09/04/2027 23:59,04/09/2026 02:23
9e0bbcbf-1073-42d1-a990-9e97d57c57e2,clumsy.la,available,27.99,27.99,high,low,6,namesilo,,,23/09/2026 11:20
4beaeee8-491d-4a4b-8e06-b1c81e21114d,decorous.la,available,27.99,27.99,medium,low,8,namesilo,,,09/08/2026 06:21
ffce0ce6-013a-4bb0-a110-ed3b8eb2784c,barrier.la,available,27.99,27.99,medium,low,7,namesilo,,,
d75344e1-17ea-4055-a188-fa785c3d8335,kempt.la,available,27.99,27.99,medium,low,5,namesilo,,,22/08/2026 15:32
9a762181-c632-41ff-931c-80bad5056e7a,baffling.la,available,27.99,27.99,medium,low,8,namesilo,,,08/08/2026 08:02
cca47784-1b72-42c2-84b5-16cea26f0aa9,bogus.la,available,27.99,27.99,medium,low,5,namesilo,,,08/08/2026 22:58
fda293dd-18a9-4afc-a07b-fea17a49a57b,writing.la,resell,,,high,low,7,VIPDomains.LA  Founders Program,06/04/2015 20:47,06/04/2027 23:59,
f686706c-0409-4434-b706-289a34ab5df8,encircled.la,available,27.99,27.99,medium,low,9,namesilo,,,16/08/2026 22:19
88d58455-db31-4e7c-98c1-97cc4015bf52,swart.la,available,27.99,27.99,low,low,5,namesilo,,,11/09/2026 05:22
a95861ae-834b-4009-802e-5ee2002d2eb9,bamboo.la,resell,,,high,medium,6,LA Domain Names,05/04/2019 23:46,05/04/2027 23:59,26/09/2026 04:14
4718538a-cc94-4902-a6eb-0f23bb5741f6,tipped.la,available,27.99,27.99,high,low,6,namesilo,,,07/08/2026 13:33
fe60af77-87a5-4f7c-9dee-038efcc124a6,corinthian.la,available,27.99,27.99,high,low,10,namesilo,,,13/08/2026 01:16
79a84700-078a-4b6a-9213-3555f929bb1e,appetence.la,available,32.98,41.98,medium,low,9,namecheap,,,19/09/2026 20:44
5a767121-6c7f-4ff2-a4f4-7863081f155f,entirely.la,available,27.99,27.99,high,low,8,namesilo,,,
cbc3797b-810f-4604-81fe-19b8408ad3b2,compliant.la,available,27.99,27.99,high,low,9,namesilo,,,23/09/2026 17:44
c6233d89-a684-4620-a084-73c8d9869fce,hedonistic.la,available,27.99,27.99,medium,low,10,namesilo,,,21/08/2026 05:56
fbf61bf7-a5e9-40bb-ac02-a3b252c0a46d,attar.la,available,32.98,41.98,medium,low,5,namecheap,,,20/09/2026 19:21
9a58cebb-8d84-4ecf-b5ce-1e90462d94c9,wastebin.la,available,32.98,41.98,medium,low,8,namecheap,,,20/09/2026 13:38
bfbb538c-e065-422a-9037-a4fb97d78822,industry.la,resell,,,high,medium,8,LA Domain Names,30/04/2021 02:00,30/04/2027 23:59,23/09/2026 16:53
fecbc5ab-7726-4e8c-beb3-03f4332ebc92,tearful.la,available,27.99,27.99,medium,low,7,namesilo,,,14/08/2026 15:35
2ec127a8-0a77-44b2-a2fc-2d41a8bb3b20,nobelium.la,available,27.99,27.99,medium,low,8,namesilo,,,20/09/2026 21:58
27a62382-62a8-4f4e-993c-be61fa6557c5,perinatal.la,available,27.99,27.99,medium,low,9,namesilo,,,08/09/2026 17:07
82cd1b3a-c416-485b-9326-037e3c2a3f07,commonweal.la,available,27.99,27.99,high,low,11,namesilo,,,
eeb8b545-93fe-4740-84dc-72729209973a,lunatic.la,available,39,46.99,high,low,7,name.com,,,13/08/2026 17:47
09715aa7-7c6d-4118-80e4-2bd417b7bbec,gothic.la,resell,,,high,low,6,LA Domain Names,01/04/2025 08:23,01/04/2027 23:59,20/08/2026 17:17
3ebcb806-1d1a-44f3-a441-c58aa8c0b862,forked.la,available,32.98,41.98,high,low,6,namecheap,,,09/08/2026 20:14
55c6ed1e-5a9a-4463-a10e-be78732ae6ec,alpinism.la,available,27.99,27.99,medium,low,8,namesilo,,,18/09/2026 14:05
d80512a9-52d9-4dd9-9742-da18c8543fe4,hebridean.la,available,27.99,27.99,high,low,9,namesilo,,,21/08/2026 05:45
78b8b195-29df-4d0e-a409-3c6eae047191,chimpanzee.la,available,27.99,27.99,high,low,10,namesilo,,,24/09/2026 14:39
51ac0dd2-8f5d-4390-972b-8193b1578e67,instance.la,available,27.99,27.99,high,low,8,namesilo,,,25/09/2026 22:06
1b9b2663-5683-4412-b057-2e98b8483afe,protected.la,available,27.99,27.99,high,low,9,namesilo,,,
1bcbea27-fe8b-4e31-bf21-d74cc0b0b4fe,salary.la,resell,,,high,low,6,LA Domain Names,14/11/2011 00:18,16/01/2027 23:59,
baeb0684-1ac8-4700-b798-f9502f0b6dd1,miscreant.la,available,27.99,27.99,medium,low,9,namesilo,,,09/09/2026 14:38
c4a20c8f-4ea2-4f9b-bc3f-3adf47aa1a6b,asper.la,available,27.99,27.99,medium,low,5,namesilo,,,20/09/2026 14:47
54b24d3e-74a6-4a0b-ad76-33720b8b02bf,offstage.la,available,27.99,27.99,high,low,8,namesilo,,,08/08/2026 06:14
eb753bec-d3f5-437d-ade6-d54eb5c67dc4,tempered.la,available,27.99,27.99,high,low,8,namesilo,,,11/09/2026 10:50
12e46ec9-189b-40f0-9242-a326d013acd8,thornton.la,resell,,,high,low,8,,,,25/09/2026 10:54
110a365d-4c42-427f-a949-f997d73783c9,loneliness.la,available,27.99,27.99,high,low,10,namesilo,,,18/09/2026 13:13
01b43f47-19e3-4bb3-80a7-c3e963569ab8,deformed.la,available,27.99,27.99,medium,low,8,namesilo,,,13/08/2026 23:37
d924b410-d014-4af9-be05-2761e023312f,teaspoons.la,available,27.99,27.99,medium,low,9,namesilo,,,19/09/2026 22:48
b48ee06a-8ec5-4f11-8d25-febbe60b62b4,gustatory.la,available,27.99,27.99,medium,low,9,namesilo,,,20/08/2026 21:07
f94431e6-f298-4fe9-99ec-adc9507c3b8f,flaky.la,available,27.99,27.99,high,low,5,namesilo,,,10/08/2026 10:06
f48819cf-5f9b-4f3e-aca9-d1a569916b58,bidder.la,available,27.99,27.99,high,low,6,namesilo,,,23/09/2026 13:43
468aabd0-2cb1-44a5-a1ec-95adb94c5496,wavelike.la,available,27.99,27.99,medium,low,8,namesilo,,,13/08/2026 06:56
d823d3ff-2cf2-4bee-b9df-a778b941f1c8,repugnant.la,available,27.99,27.99,medium,low,9,namesilo,,,
ce112312-f973-485d-9965-a65abb954fc1,liturgical.la,available,27.99,27.99,medium,low,10,namesilo,,,24/08/2026 07:40
f9d75570-9268-4c88-a98e-5ebaf150e7c3,mediocre.la,available,32.98,41.98,high,low,8,namecheap,,,25/09/2026 18:51
8f12f017-3720-445c-8217-c31690fed94b,interfaith.la,resell,,,high,low,10,VIPDomains.LA  Founders Program,25/07/2025 01:01,25/07/2027 23:59,22/08/2026 08:02
3af950c5-fdc3-4f4a-9a3b-ef5636a31a84,blanched.la,available,27.99,27.99,medium,low,8,namesilo,,,07/08/2026 02:14
593aa9f0-dab0-45d8-87fc-cb14403c39b5,warming.la,available,27.99,27.99,high,low,7,namesilo,,,11/08/2026 14:09
3df285de-d7d5-4351-a65b-30b7580147c0,alewife.la,available,27.99,27.99,medium,low,7,namesilo,,,18/09/2026 05:44
45dcc305-efca-4a61-ac50-f145dc2e118c,audiogram.la,available,27.99,27.99,medium,low,9,namesilo,,,21/09/2026 02:55
08bb1f74-4e0e-4945-97de-4a46e0b1c457,cacophony.la,available,27.99,27.99,medium,low,9,namesilo,,,10/08/2026 13:13
acdf2845-8510-4fbd-9daa-259b12eaa99c,substantial.la,available,27.99,27.99,high,low,11,namesilo,,,
737d8f40-bba3-4ff6-9e2e-50d6de87093f,unwavering.la,available,27.99,27.99,high,low,10,namesilo,,,18/08/2026 05:12
53279688-5d50-49b1-8f17-25ba5e3f99b6,phonic.la,available,32.98,41.98,high,low,6,namecheap,,,08/09/2026 19:06
f255745f-310d-466f-b323-150639f111b0,myotic.la,available,27.99,27.99,medium,low,6,namesilo,,,25/08/2026 01:02
e0b1e976-44db-4500-8191-4d88927e58b2,derriere.la,available,27.99,27.99,low,low,8,namesilo,,,09/08/2026 11:55
f88c80f9-47c3-46ed-8db6-fd314e4282dc,fleming.la,resell,,,high,low,7,,,,18/09/2026 05:49
ecb5db90-01ad-419d-a69b-3d2f14b6a5c1,argonon.la,available,32.98,41.98,medium,low,7,namecheap,,,20/09/2026 04:42
f6b06358-8bd9-4cba-ae7d-9e60cd52dd43,industrialize.la,available,27.99,27.99,medium,low,13,namesilo,,,
48558b85-9074-4627-a33b-60ecc1e157a2,sympathy.la,available,27.99,27.99,high,low,8,namesilo,,,
5a326f80-24cb-497f-88d9-016785a7efc5,aimlessly.la,available,32.98,41.98,medium,low,9,namecheap,,,13/09/2026 18:28
6ed78d84-1c4c-446c-ab8a-f9c8033d032b,clive.la,available,27.99,27.99,high,low,5,namesilo,,,22/09/2026 07:05
6cea074a-c79b-4b6e-bcd8-87cd48eb9ba4,grouch.la,available,27.99,27.99,medium,low,6,namesilo,,,13/08/2026 04:56
12b9e240-cc02-48c1-be69-f4bd15e17835,cheated.la,available,27.99,27.99,medium,low,7,namesilo,,,
d1e203c2-a0eb-4c81-bd43-83dd193467c6,annulated.la,available,27.99,27.99,medium,low,9,namesilo,,,
63d7135f-5743-478e-8203-991170b98c30,wandered.la,available,27.99,27.99,medium,low,8,namesilo,,,18/09/2026 02:36
d749a82c-ef43-4805-a6c7-76ae52fb048c,ssi.la,resell,,,high,low,3,.LA Premium Names Program,22/04/2016 08:23,22/04/2027 23:59,
10ecba79-7bb6-40bc-b2af-a338afcdf376,plummet.la,available,27.99,27.99,medium,low,7,namesilo,,,08/09/2026 21:42
3f92b1b6-2b71-43b8-b21b-3917212ea38e,protection.la,resell,,,high,low,10,VIPDomains.LA  Founders Program,04/03/2015 13:59,04/03/2027 23:59,19/09/2026 09:47
06474513-0aaa-4556-ae09-bb6bebef6da9,bendable.la,available,27.99,27.99,medium,low,8,namesilo,,,09/08/2026 14:07
4786f3e7-cec9-4f8f-a29d-ffdd171da0ba,rockers.la,available,32.98,41.98,high,low,7,namecheap,,,23/09/2026 15:34
a076d9dd-27ed-410a-a433-418542074155,croat.la,available,27.99,27.99,medium,low,5,namesilo,,,13/08/2026 07:34
2715c38a-ba7f-46f2-abfb-e4ae1c0cb3ef,ingrown.la,available,27.99,27.99,medium,low,7,namesilo,,,22/08/2026 04:56
f8b8298f-92ee-4163-981f-b4d768ed97db,holdup.la,available,27.99,27.99,medium,low,6,namesilo,,,20/09/2026 06:37
f8239fd5-775f-4576-aa34-376c46a3a224,chamomile.la,available,27.99,27.99,high,low,9,namesilo,,,19/09/2026 13:01
6a4cadbe-11b6-4f75-ba4f-7937c92b0ff2,conduit.la,resell,,,high,low,7,,,,24/09/2026 17:11
f56f246a-2a30-47cb-9ab0-bfecc7445255,handicap.la,available,32.98,41.98,high,low,8,namecheap,,,24/09/2026 07:39
6d137fca-8917-4e0e-815e-888328d08c1f,sharply.la,available,27.99,27.99,medium,low,7,namesilo,,,
f7662a5c-61c4-418c-abcd-3e5fee035cd5,sumbuddy.la,available,39,,low,low,8,name.com,,,
fe1c0c87-cef0-48f5-bb4d-fd24bcdacae4,marriage.la,resell,,,high,low,8,LA Domain Names,07/12/2016 08:10,07/12/2026 23:59,
a21c345a-e504-4251-957e-14a04651088a,overgreedy.la,available,27.99,27.99,medium,low,10,namesilo,,,04/09/2026 20:38
ae3764dc-f56e-4cb2-ab91-ce2ca9f36962,notwithstanding.la,available,27.99,27.99,medium,low,15,namesilo,,,
390dfae9-de6b-43ba-ab7e-21a0d163378d,full.la,resell,,,high,low,4,LA Domain Names,27/07/2017 12:31,27/07/2027 23:59,24/09/2026 14:07
9f93ccfb-59dd-4ce0-b158-26b5e00f1bc2,batna.la,available,27.99,27.99,medium,low,5,namesilo,,,22/09/2026 14:06
b61afdc1-2ede-49e0-9ed7-96bc07e88e4a,gauzy.la,available,27.99,27.99,high,high,5,namesilo,,,12/08/2026 14:29
47e6c1c7-6068-4d4b-94a6-f1ebdd02db75,underfoot.la,available,27.99,27.99,medium,low,9,namesilo,,,16/09/2026 09:56
652f604c-27bd-4bef-b740-e9bf641b225f,analecta.la,available,27.99,27.99,high,low,8,namesilo,,,19/09/2026 01:47
3e2c8f54-abeb-44f3-aaf1-81ebbf47bed7,strips.la,available,27.99,27.99,medium,low,6,namesilo,,,20/09/2026 02:09
9e17a3ea-e6e9-493d-814d-0a7cb9ee3196,benzoin.la,available,27.99,27.99,medium,low,7,namesilo,,,20/09/2026 12:33
b0e73d08-704f-4dba-8f0c-66e3de6b88cc,honduran.la,available,27.99,27.99,high,low,8,namesilo,,,21/08/2026 13:17
45fe2d05-c08f-4ead-8f01-8c3a21540609,presto.la,resell,,,high,medium,6,LA Domain Names,14/05/2021 08:32,14/05/2027 23:59,09/09/2026 01:44
28506fc1-7ae4-47d9-b989-f4d6bdf6c401,anaphase.la,available,27.99,27.99,medium,low,8,namesilo,,,19/09/2026 02:09
e4b74d96-63b1-4e0a-b20b-9d283731d826,basil.la,available,27.99,27.99,high,low,5,namesilo,,,22/09/2026 10:43
ce1e307c-8560-4159-89f5-26b0707a5921,offering.la,available,32.98,41.98,high,low,8,namecheap,,,25/09/2026 09:37
36c78923-854d-43a2-b059-233ae2032524,bier.la,available,32.98,41.98,medium,low,4,namecheap,,,23/09/2026 13:47
39a8ee6c-666a-496c-862a-bdafe3d73c74,mussolini.la,available,32.98,41.98,medium,low,9,namecheap,,,23/09/2026 08:12
d64e2d6b-f779-4d04-b0f5-11c174b50611,igneous.la,available,32.98,41.98,medium,low,7,namecheap,,,21/08/2026 18:16
1c49aaed-f301-42f6-b9cf-4e33b68e59d4,azonic.la,available,27.99,27.99,medium,low,6,namesilo,,,08/08/2026 02:32
46633dc2-7f98-4c65-b013-17f95e7de9db,spiral.la,resell,,,high,low,6,VIPDomains.LA  Founders Program,25/07/2025 01:09,25/07/2027 23:59,23/09/2026 14:59
4105cc12-8040-4f25-918b-156a28c43608,shoe.la,resell,,,high,low,4,.LA Premium Names Program,20/04/2016 16:54,20/04/2027 23:59,
544ffc24-bcc9-43dd-9d41-8b6d9d085060,ectopic.la,available,27.99,27.99,medium,low,7,namesilo,,,14/08/2026 23:57
771ea452-8051-4c8d-a747-4bb599b490ed,unsparing.la,available,32.98,41.98,medium,low,9,namecheap,,,22/08/2026 21:11
36cd70bc-be8e-4776-9797-172aeb3c4ab5,wears.la,available,27.99,27.99,medium,low,5,namesilo,,,17/09/2026 10:43
37c4f6e4-7032-4912-ad64-ca71188201e2,badness.la,available,27.99,27.99,medium,low,7,namesilo,,,08/08/2026 07:23
39b764b3-36ad-40c8-95ec-336fe9200eb0,ascendance.la,available,27.99,27.99,high,low,10,namesilo,,,20/09/2026 13:03
7532c103-b5fa-4a7a-8cb3-e8a73516f0c7,adelaide.la,available,27.99,27.99,high,low,8,namesilo,,,17/09/2026 07:13
0973fa55-28af-4d84-9821-e72068ab3722,derivable.la,available,27.99,27.99,medium,low,9,namesilo,,,14/08/2026 03:00
df6984e5-7249-438d-87bc-99419cc94f2c,granddad.la,available,39,,high,low,8,name.com,,,
491ce2e7-24d2-40d4-af48-15e5358e3625,dialogue.la,resell,,,high,low,8,,,,24/09/2026 22:11
f9fd8197-98fb-4768-9baf-6ac09250950d,circularly.la,available,27.99,27.99,medium,low,10,namesilo,,,14/09/2026 06:55
9db1b91b-9003-4197-861d-bf0cd687cf11,overdue.la,available,27.99,27.99,medium,low,7,namesilo,,,26/09/2026 03:28
da7773ae-1bd9-4a7c-9894-2208b5211ed9,drab.la,available,27.99,27.99,medium,low,4,namesilo,,,14/08/2026 11:43
a2f77d00-4315-4a3a-b859-4072d11fcf74,discreetly.la,available,27.99,27.99,medium,low,10,namesilo,,,14/09/2026 13:04
61b47988-fa4d-418c-b763-3abf565e70bd,uncounted.la,available,27.99,27.99,high,low,9,namesilo,,,13/08/2026 03:44
e3decdce-08e0-49ba-873c-089c98f262df,stan.la,resell,,,high,low,4,.LA Founders Premium Program,21/06/2016 01:51,21/06/2026 23:59,
6b8b941f-24b4-4642-8ad1-515ae9d5d8ba,lazuline.la,available,27.99,27.99,medium,low,8,namesilo,,,08/08/2026 03:18
5896490f-23c6-4344-b8ea-6c2b125f5f82,pencilled.la,available,27.99,27.99,medium,low,9,namesilo,,,08/09/2026 13:59
c4f069bf-13ee-46a5-abe6-e7b113af7ee5,epileptic.la,available,27.99,27.99,high,low,9,namesilo,,,17/08/2026 10:58
76c50239-927a-4691-bd2e-f730f0acff74,teensy.la,available,27.99,27.99,high,low,6,namesilo,,,10/08/2026 08:01
78c40451-49d4-4081-8410-53e8ba617733,aegina.la,available,27.99,27.99,medium,low,6,namesilo,,,17/09/2026 12:15
d5dedfad-01d4-48e9-8b7a-6a58e0abd237,pumpkin.la,resell,,,high,low,7,,,,21/09/2026 08:26
a0edbac9-093d-487d-922e-f623dd4b9085,idyl.la,available,27.99,27.99,high,low,4,namesilo,,,08/09/2026 10:13
57b6e9e9-554a-414c-987c-5786ce40aa69,shouting.la,available,27.99,27.99,high,low,8,namesilo,,,12/08/2026 03:49
1b802b9b-fae4-4478-b707-5bc92ac4fec3,banking.la,resell,,,high,low,7,LA Domain Names,05/06/2023 08:46,05/06/2027 23:59,26/09/2026 04:15
38a75909-208a-4353-87b2-ffe7e866170f,sleekly.la,available,27.99,27.99,medium,low,7,namesilo,,,16/09/2026 02:30
a0721e5b-6719-412a-9dc6-88ed0c91ac7e,ldopa.la,available,32.98,41.98,high,low,6,namecheap,,,23/09/2026 07:45
4b741d9a-5641-4d8a-a780-a7ce4d2c0b57,lamenting.la,available,32.98,41.98,medium,low,9,namecheap,,,22/08/2026 19:02
846a6724-d3b4-43f6-9930-bfcc556b20d2,inspiring.la,available,27.99,27.99,high,low,9,namesilo,,,25/09/2026 09:50
6fb3c07d-ec7f-469d-a28e-381de6be6b56,punkey.la,available,32.98,41.98,medium,low,6,namecheap,,,23/09/2026 22:34
e18060ab-10c1-40f4-b507-99aaf89457ef,momentum.la,resell,,,high,medium,8,LA Domain Names,22/02/2021 02:01,22/02/2027 23:59,
0d241b1f-11c5-4645-b684-62e17da3bf47,auld.la,available,27.99,27.99,medium,low,4,namesilo,,,07/08/2026 17:21
6f9349b4-8f33-445f-875a-3db5bc03c84f,economically.la,available,27.99,27.99,medium,low,12,namesilo,,,
3574569d-994a-4f69-a50f-4b074cdf8d91,alcoholics.la,available,27.99,27.99,low,low,10,namesilo,,,18/09/2026 22:27
6ffc8578-d37b-4203-84e8-f413e9a56257,trusting.la,available,27.99,27.99,high,low,8,namesilo,,,11/09/2026 20:47
d6396b3f-b737-427a-9346-7df68ecd70db,blackpoll.la,available,27.99,27.99,medium,low,9,namesilo,,,24/09/2026 02:54
5b0773a8-5491-4916-88b2-ec101fd96bf6,tightly.la,available,27.99,27.99,medium,low,7,namesilo,,,16/09/2026 09:06
eb21ab96-0651-45cd-951c-9e68db9838bf,placed.la,available,27.99,27.99,high,low,6,namesilo,,,25/09/2026 14:13
e809f407-5495-4e2a-bf7a-df856f1bfc95,alcibiades.la,available,27.99,27.99,medium,low,10,namesilo,,,18/09/2026 04:00
cf419de1-9c8c-419b-afc6-caecd981cc9c,extensile.la,available,32.98,41.98,medium,low,9,namecheap,,,17/08/2026 19:01
d24583ec-d63b-4554-b437-e461ec6d60fa,peal.la,available,32.98,41.98,medium,low,4,namecheap,,,09/09/2026 18:22
45ba8212-f72d-4cb6-979d-fa1260883520,apoplexy.la,available,32.98,41.98,medium,low,8,namecheap,,,19/09/2026 19:09
a0e4c513-7751-4a1c-a4f9-f87d4f23710b,blackening.la,available,39,46.99,medium,low,10,name.com,,,13/08/2026 18:12
e4904781-92d4-4ba2-b9a5-9642fdfe2043,besom.la,available,27.99,27.99,medium,low,5,namesilo,,,23/09/2026 10:25
691c1a7a-a7cf-435d-9a1e-d5205dea80bf,screwing.la,available,27.99,27.99,medium,low,8,namesilo,,,18/08/2026 17:28
d58d2a15-a205-4821-9be9-1fbea9ec1fb2,apr.la,available,32.98,41.98,high,low,3,namecheap,,,19/09/2026 22:28
f8bd06a0-fe2f-4f43-b813-6919cea96b6b,eruptive.la,available,27.99,27.99,medium,low,8,namesilo,,,17/08/2026 13:12
8ccc26ee-5c91-4b92-ba80-f37ee5f88693,plan.la,resell,,,high,medium,4,,,,20/09/2026 02:15
42a4c3a1-3696-4cb6-9dd7-84a39cfb27fa,steer.la,available,27.99,27.99,high,low,5,namesilo,,,
eb6c757c-66a5-4380-a623-8346a2c7261b,carboxyl.la,available,27.99,27.99,medium,low,8,namesilo,,,11/08/2026 18:44
200a070c-a192-49a2-8fc5-977ef61c6576,beograd.la,available,27.99,27.99,high,low,7,namesilo,,,23/09/2026 05:12
b9a56a17-7f88-4e00-b3cb-7103c31c20cd,babbitt.la,available,27.99,27.99,high,low,7,namesilo,,,21/09/2026 12:17
d5236a8c-5f0d-4c7c-a0a4-12e8bbb2a2b8,seed.la,resell,,,high,low,4,VIPDomains.LA  Founders Program,12/11/2014 18:44,12/11/2026 23:59,
8fae7f96-e864-4f0d-a9ea-eb890b37755e,guys.la,resell,,,high,low,4,LA Domain Names,18/12/2014 23:41,18/12/2026 23:59,
902c635a-7748-45c3-8861-d1748d5e889c,rhenish.la,available,27.99,27.99,medium,low,7,namesilo,,,09/09/2026 16:29
fc33df1d-a60c-469b-8873-ba804c30819c,proximate.la,available,27.99,27.99,high,low,9,namesilo,,,09/09/2026 04:46
23a3259d-662c-43cb-9310-c64d09e222fe,unconfined.la,available,27.99,27.99,medium,low,10,namesilo,,,12/09/2026 06:03
6ac8bf10-6f17-4e6d-b32c-58fd469b4897,gibber.la,available,32.98,41.98,medium,low,6,namecheap,,,23/09/2026 23:36
27aefa45-cd15-4994-b857-daf42544aae1,wesleyan.la,available,27.99,27.99,high,low,8,namesilo,,,24/08/2026 22:00
40a84f81-bfa5-4542-9a13-50f7d9b5f3e1,ninepenny.la,available,27.99,27.99,medium,low,9,namesilo,,,03/09/2026 17:37
e787413c-03f1-455a-833d-051eb880b0f9,trophic.la,available,32.98,41.98,medium,low,7,namecheap,,,11/09/2026 20:22
a8361f0b-1480-48ae-9aea-32668f49a598,activeness.la,available,32.98,41.98,medium,low,10,namecheap,,,17/09/2026 05:11
e7359810-5f88-4124-9713-c48c663a3871,unassuming.la,available,39,,high,low,10,name.com,,,
9a726a71-cba1-4e0a-8326-01f33f0b0d53,estimated.la,available,27.99,27.99,medium,low,9,namesilo,,,17/09/2026 13:47
8e5daf1d-7a18-439e-bed2-c700baed3f31,demonic.la,available,27.99,27.99,medium,low,7,namesilo,,,14/08/2026 01:26
8e14dc69-acd9-443b-932a-8acbc5e91234,banishment.la,available,27.99,27.99,medium,low,10,namesilo,,,22/09/2026 02:06
bb74d64a-da00-4f6f-a223-e89c9f38684d,precise.la,resell,,,high,low,7,LA Domain Names,31/12/2025 08:04,31/12/2026 23:59,
f6514a4e-4f32-437b-80c8-e36471103a1b,anagrams.la,available,27.99,27.99,high,low,8,namesilo,,,19/09/2026 01:29
1885e899-9bbc-420e-9d76-ac95d621b628,deictic.la,available,27.99,27.99,medium,low,7,namesilo,,,14/08/2026 00:12
88f38904-971e-445e-a5c2-30a658bf6e22,basis.la,resell,,,high,low,5,.LA Premium Names Program,14/05/2024 23:52,14/05/2027 23:59,26/09/2026 04:17
98842be3-bc63-44c4-be79-4e90c3a09205,angelim.la,available,27.99,27.99,medium,low,7,namesilo,,,19/09/2026 03:59
d7cad1c4-17ed-40f3-aab7-649aac5312a3,wrought.la,available,27.99,27.99,high,low,7,namesilo,,,25/08/2026 03:48
3d957344-fd1a-4fa3-a2d2-3d6ff2e89c6c,wads.la,available,27.99,27.99,high,low,4,namesilo,,,14/09/2026 23:30
373d0c8d-e62c-427d-b321-b36cf2feeffc,recurrent.la,available,27.99,27.99,high,low,9,namesilo,,,09/09/2026 11:57
a5675d6c-048e-4309-8c20-d57f7aa5d655,divergent.la,available,27.99,27.99,high,low,9,namesilo,,,14/08/2026 13:35
43d8c1a8-0cfb-4d25-8026-c6287c1df90e,worldly.la,available,27.99,27.99,high,low,7,namesilo,,,10/08/2026 13:20
47a4dca3-0cf3-45ec-890b-f114f0f15c90,numinous.la,available,27.99,27.99,medium,low,8,namesilo,,,03/09/2026 23:01
e1fba1ba-0b33-4d00-89a5-a3231cdfc8c6,gjo.la,available,27.99,27.99,medium,low,4,namesilo,,,17/09/2026 05:37
939c493c-0083-4be8-abe0-d99a75432ac2,diclinous.la,available,27.99,27.99,low,low,9,namesilo,,,14/08/2026 06:34
c94a8c6c-1360-4561-9151-615fd5ed624f,manic.la,available,27.99,27.99,high,low,5,namesilo,,,18/08/2026 15:04
793388e3-a236-4cf3-a55e-a85e94b2b03e,rages.la,available,39,46.99,low,low,5,name.com,,,20/09/2026 11:24
1927ee8c-8ab5-4d80-a017-445e35420329,sanitary.la,available,32.98,41.98,high,medium,8,namecheap,,,09/09/2026 21:16
27b1835e-1109-4fc6-9aab-733803dd0ef8,susurrant.la,available,27.99,27.99,medium,low,9,namesilo,,,03/09/2026 11:08
224513a6-cf13-42f9-9be9-844ccc9467b3,slippery.la,available,27.99,27.99,medium,low,8,namesilo,,,10/09/2026 11:01
c54c5037-948b-4d84-9a85-85f1d70b641b,traveled.la,premium,27.99,27.99,high,low,8,namesilo,,,
bb7ed6b9-1f8f-4352-9179-4d58da11c34e,bases.la,available,32.98,41.98,medium,low,5,namecheap,,,17/09/2026 21:42
94875027-ecfb-4235-a574-a040adbbb13f,unmarried.la,available,27.99,27.99,medium,low,9,namesilo,,,12/09/2026 15:26
43232a44-e1e8-479f-9087-65005583f4c5,clathrate.la,available,27.99,27.99,medium,low,9,namesilo,,,11/08/2026 16:23
14f00e68-ca6c-45d9-a347-87d1de8b2d6f,pamper.la,available,27.99,27.99,high,low,6,namesilo,,,
d1abd8b0-4a9c-43b3-b5ef-99c9e9229404,greet.la,available,27.99,27.99,high,low,5,namesilo,,,
47abe083-e8f5-4cc0-b9ec-364c9bdca552,angst.la,available,27.99,27.99,medium,low,5,namesilo,,,19/09/2026 07:24
028900be-99ec-4e59-8473-91daccb67bb1,temptable.la,available,27.99,27.99,medium,low,9,namesilo,,,11/09/2026 11:04
e5e10db5-d09a-4e72-8f92-9b367dd7a5fc,unpowered.la,available,27.99,27.99,medium,low,9,namesilo,,,12/09/2026 17:18
7e851a33-341d-4b75-ad5b-e24757e3a1e2,continually.la,available,27.99,27.99,medium,low,11,namesilo,,,
5d0c8c66-2838-454e-b39a-9a3e42fdbbc0,basic.la,resell,,,high,low,5,.LA Founders Premium Program,13/03/2016 02:20,13/03/2027 23:59,26/09/2026 04:17
b1aa9a04-44b8-4e04-8261-a7b7084a55f1,penial.la,available,27.99,27.99,medium,low,6,namesilo,,,08/09/2026 14:23
f0d2e634-2416-4d5a-84a1-15cfb28b6ced,convincing.la,available,27.99,27.99,high,low,10,namesilo,,,23/09/2026 22:56
60c0eefe-318d-406f-9b01-767f1b67ab73,inexpensive.la,resell,,,high,low,11,VIPDomains.LA  Founders Program,28/08/2015 23:55,28/08/2027 23:59,22/09/2026 20:15
445e149c-13aa-4075-86de-a2fd545e3e7b,malaysian.la,available,27.99,27.99,high,low,9,namesilo,,,24/08/2026 13:46
6f203813-c50b-4b3e-9f4b-967020c49e5b,laminal.la,available,32.98,41.98,medium,low,7,namecheap,,,22/08/2026 19:09
83cc00cb-130c-4f03-a1f0-c2281f6114b0,concisely.la,available,27.99,27.99,medium,low,9,namesilo,,,14/09/2026 08:10
73760e49-4abe-46dd-b169-c2d4f7f139f6,panicky.la,available,27.99,27.99,medium,low,7,namesilo,,,05/09/2026 00:54
803ae8ea-125b-47c7-b259-2e3dd5dfb9c6,bodied.la,available,27.99,27.99,medium,low,6,namesilo,,,10/08/2026 16:44
b8926913-0fb5-4124-8c95-04ca2a3508fe,midlife.la,available,27.99,27.99,high,low,8,namesilo,,,
ad72a62c-316b-4f79-9f26-b2bab52af57b,mauritian.la,available,27.99,27.99,high,low,9,namesilo,,,24/08/2026 17:35
90d421c8-fcc3-4d1f-a05e-66fe69bec65a,apparition.la,available,32.98,41.98,high,low,10,namecheap,,,08/09/2026 18:34
6431c952-4b47-4735-8aa9-07e46e3c81b9,bracelet.la,available,32.98,41.98,high,low,8,namecheap,,,22/09/2026 01:56
5a681239-31e8-4f70-9a78-2e78d6b4fbb2,turndown.la,available,27.99,27.99,high,low,9,namesilo,,,
64d66249-3ce9-481c-a6e9-70dc4db15a89,chemist.la,available,27.99,27.99,high,low,7,namesilo,,,19/09/2026 19:39
ce05b775-5ae3-443b-8863-d0cb41c78473,calmness.la,available,27.99,27.99,high,low,8,namesilo,,,11/08/2026 14:56
e1b8427f-6105-4533-8922-d3724ff637c2,sylvan.la,available,27.99,27.99,high,medium,6,namesilo,,,10/09/2026 08:11
cc3b8bd9-a429-4f60-bb4c-8eb7461dc443,necessity.la,available,27.99,27.99,high,low,9,namesilo,,,24/09/2026 15:20
e33735d7-41cf-4248-9434-23b33d5146ab,veinal.la,available,27.99,27.99,low,low,6,namesilo,,,13/09/2026 01:51
e49f28bb-6d95-458b-90c8-1f53261051ab,yowl.la,available,32.98,41.98,medium,low,4,namecheap,,,23/09/2026 06:24
63a6004d-1e9d-4241-8aad-4f94ead51d7a,optimistic.la,available,27.99,27.99,high,low,10,namesilo,,,04/09/2026 17:07
0821cedc-b2c8-4774-b884-b327f5bf096c,waxwork.la,available,32.98,41.98,medium,low,7,namecheap,,,18/09/2026 19:16
b986cea4-6615-40b8-8509-bbfdf510133d,empathic.la,available,32.98,41.98,high,low,8,namecheap,,,16/08/2026 16:41
a537e872-c702-446e-9f7e-928f15f291b6,rice.la,resell,,,high,low,4,LA Domain Names,08/12/2019 02:04,08/12/2026 23:59,
e3b6e531-d757-4a2d-a56c-f697a7b57c5e,sock.la,available,32.98,41.98,high,low,4,namecheap,,,17/09/2026 21:43
8e32f2e2-5874-4bb4-8a34-49821d386def,nucleate.la,available,27.99,27.99,medium,low,8,namesilo,,,03/09/2026 22:24
83d7f793-803e-41f3-ba1f-4e1c2619a318,knapsack.la,available,27.99,27.99,high,low,8,namesilo,,,21/09/2026 14:39
723b6cf0-18ca-4016-b4ed-cf77c3acff56,blabber.la,available,27.99,27.99,medium,low,7,namesilo,,,23/09/2026 11:33
a7c234a0-1e62-4682-9c91-4710062c8a88,before.la,available,27.99,27.99,high,low,6,namesilo,,,21/09/2026 23:34
5675d3ef-c1a5-4cb8-b922-05c31bf75674,bertolucci.la,available,32.98,41.98,medium,low,10,namecheap,,,23/09/2026 09:50
1573268f-75fc-4beb-9ff8-f6a5df620998,envelope.la,available,27.99,27.99,high,low,8,namesilo,,,25/09/2026 22:36
14ec4563-726c-490d-b7e2-b5a57e0bebdb,downstair.la,available,32.98,41.98,medium,low,9,namecheap,,,14/08/2026 17:57
ee6c3643-1ff6-4ff0-bd40-32b6805bbc32,bardolatry.la,available,27.99,27.99,medium,low,10,namesilo,,,22/09/2026 05:17
a89e655f-adb5-46cd-9240-877c509ae14e,shapely.la,available,27.99,27.99,high,low,7,namesilo,,,10/09/2026 05:57
da195eb9-1c05-4b03-b5c6-9ec3a42edb67,overmuch.la,available,32.98,41.98,medium,low,8,namecheap,,,04/09/2026 21:13
cff9d85e-57fd-4486-a882-3b89db0837f9,bema.la,available,27.99,27.99,high,low,4,namesilo,,,23/09/2026 07:15
bdd6c661-3e86-4d54-a68a-ee6b74a78582,toothed.la,available,27.99,27.99,medium,low,7,namesilo,,,17/08/2026 12:41
827a4390-8480-40c7-a534-dfe2237121d4,afrl.la,available,32.98,41.98,medium,low,4,namecheap,,,17/09/2026 15:27
e0436172-1a43-4426-9369-99cfde042723,venereal.la,available,27.99,27.99,medium,low,8,namesilo,,,18/08/2026 21:42
3ad75e59-3a72-4333-8465-66131c3a74d0,bemock.la,available,27.99,27.99,medium,low,6,namesilo,,,25/08/2026 02:26
d635b276-e435-4c1a-bb39-8814b5eead62,unshared.la,available,27.99,27.99,medium,low,8,namesilo,,,12/09/2026 19:38
f1a0cedd-78bf-4ea1-b00e-da27aee5b279,bessemer.la,available,27.99,27.99,high,low,8,namesilo,,,23/09/2026 10:28
2fc9e173-0f73-4fdc-82bc-ab9abfc13d01,affect.la,available,27.99,27.99,high,low,6,namesilo,,,
c13bf2a7-c509-43c3-b816-58abd4e9e8c2,sting.la,available,27.99,27.99,high,low,5,namesilo,,,10/09/2026 20:46
a5f1a79a-2628-433b-bc92-4b3ce221818d,unstylish.la,available,27.99,27.99,medium,low,9,namesilo,,,10/09/2026 23:17
cb140e99-0cbd-4b87-9b80-67019dc78c4e,various.la,available,27.99,27.99,high,low,7,namesilo,,,
ccce06b1-e345-4611-91a8-4fe249a0fc9b,arizonan.la,available,27.99,27.99,medium,low,8,namesilo,,,20/09/2026 06:05
ac2cc4a1-38c0-41a7-b47e-9962d5ae4a19,watt.la,resell,,,high,low,4,VIPDomains.LA  Founders Program,25/07/2025 01:08,25/07/2027 23:59,19/09/2026 23:51
2e8844aa-f09f-43aa-881f-91382d834b03,daily.la,resell,,,high,medium,5,LA Domain Names,13/06/2007 17:26,13/06/2027 23:59,24/09/2026 04:21
1eacb323-dbda-43e6-8f7f-9d6835e7bc79,eonian.la,available,27.99,27.99,medium,low,6,namesilo,,,
cf005a92-bf31-4ba2-b1ee-71278635c6a9,pentatonic.la,available,27.99,27.99,medium,low,10,namesilo,,,08/09/2026 15:05
c9a531df-f406-4deb-9b4b-45dfa11fff23,recessions.la,available,27.99,27.99,medium,low,10,namesilo,,,21/09/2026 06:29
0e5a2fe5-0d8a-4819-80e2-6e95b69ea04d,papaw.la,available,32.98,41.98,medium,low,5,namecheap,,,20/09/2026 14:12
c2a12e83-3775-48c4-a0ae-94de4d39d47e,canadas.la,available,39,,medium,low,7,name.com,,,
a7d75a42-4246-4a62-a21a-5ba3a2fb9336,crash.la,resell,,,high,low,5,.LA Founders Premium Program,08/03/2016 01:28,08/03/2027 23:59,
7fcf8c39-0931-40db-94a1-93fdd13eaf2c,semiformal.la,available,27.99,27.99,high,low,10,namesilo,,,10/08/2026 11:42
18d9397e-269b-40cb-b401-aebc00fc81c0,seeing.la,resell,,,high,low,6,.LA Premium Names Program,30/04/2016 08:10,30/04/2027 23:59,25/09/2026 13:51
e55762fb-1f28-4182-92f8-a56dc285582b,beret.la,available,27.99,27.99,high,low,5,namesilo,,,23/09/2026 09:15
06122c5e-48ff-4869-9e45-987a80c3bd83,ballyrag.la,available,27.99,27.99,medium,low,8,namesilo,,,11/08/2026 08:57
322b0f05-12d3-4997-9d37-64c04c8ca888,attired.la,available,27.99,27.99,medium,low,7,namesilo,,,06/08/2026 04:47
e4d3e287-0948-4b63-bfe2-6f35743cb2aa,berbers.la,available,32.98,41.98,medium,low,7,namecheap,,,19/09/2026 23:24
526cb758-4a62-4e73-a070-64e90b68328b,burberry.la,available,27.99,27.99,high,medium,8,namesilo,,,24/09/2026 11:17
d6be9eb6-5bc2-4f94-a752-ac85212e7d46,clxv.la,available,27.99,27.99,medium,low,4,namesilo,,,
5772903d-f47f-49b0-a1d2-d1dcbff944fa,daughter.la,available,39,,high,low,8,name.com,,,
422366a6-dcf2-4afa-96b3-fd37725d327d,endorse.la,available,27.99,27.99,high,low,7,namesilo,,,08/09/2026 09:45
1cbf1f58-9b18-4801-a8d3-148f88013914,piercing.la,resell,,,high,low,8,.LA Premium Names Program,05/10/2015 00:25,05/10/2026 23:59,22/08/2026 01:25
5fa0d4ad-01fd-462e-9b4f-e4da532203d5,alumna.la,available,32.98,41.98,high,low,6,namecheap,,,20/08/2026 17:44
b832a060-cbea-436c-b06a-de52397a7405,avaritia.la,available,27.99,27.99,medium,low,8,namesilo,,,21/09/2026 08:46
375b897f-d471-4e1c-b560-4e675147987e,lick.la,resell,,,high,low,4,LA Domain Names,28/06/2017 08:12,28/06/2026 23:59,
ecc21bbe-6ac5-4042-aa1d-06ba38b5efe2,noisily.la,available,27.99,27.99,medium,low,7,namesilo,,,15/09/2026 16:46
2660e770-970e-40da-8de3-b7a15fd9f082,blew.la,available,27.99,27.99,high,low,4,namesilo,,,25/09/2026 11:11
9dadac17-31d8-40bf-a7a9-2aff32fcbef1,algerian.la,available,27.99,27.99,high,low,8,namesilo,,,
9dddfa45-d438-4169-8063-6f002999323e,varied.la,available,27.99,27.99,high,low,6,namesilo,,,
e2d0ecea-b149-4335-995a-a560c439712e,priceless.la,resell,,,high,medium,9,VIPDomains.LA  Founders Program,02/12/2022 12:35,02/12/2026 23:59,25/09/2026 11:03
e59aa782-4901-42d6-bfc0-cb2189c6f7f9,gulf.la,available,27.99,27.99,high,low,4,namesilo,,,
60143992-1240-418f-84c0-4de1eb14765f,vales.la,available,32.98,41.98,medium,low,5,namecheap,,,21/09/2026 02:12
971a522c-4966-4e07-a505-964241a0921c,ingrowing.la,available,27.99,27.99,medium,low,9,namesilo,,,22/08/2026 04:54
3a5f605c-d5e9-4fc4-95d6-af61f75d3125,objectives.la,available,27.99,27.99,medium,low,10,namesilo,,,17/09/2026 15:43
3b24d595-f34a-4655-87a1-e24f23ee5a53,unfunny.la,available,27.99,27.99,medium,low,7,namesilo,,,12/09/2026 11:05
82709e99-d8f9-4b76-bc75-70b471ac936b,isolation.la,available,32.98,41.98,high,low,9,namecheap,,,24/09/2026 16:00
549bdf4f-5335-459d-a407-85f5819b211d,aboriginal.la,available,27.99,27.99,high,low,10,namesilo,,,
c52bec23-abbd-4e76-ab4b-7467a7faa35d,yank.la,available,27.99,27.99,high,low,4,namesilo,,,13/09/2026 14:14
259efb52-01b8-457a-8656-be76462368bc,nebulizer.la,available,27.99,27.99,high,low,9,namesilo,,,21/09/2026 00:21
e98ea332-c00b-487a-98af-74325be1ce38,suchlike.la,available,27.99,27.99,medium,low,8,namesilo,,,11/09/2026 01:00
fd7ccf1c-89cc-4f37-8eba-fa56bb8b24ec,monaural.la,available,27.99,27.99,medium,low,8,namesilo,,,25/08/2026 04:20
94aa4931-7521-4778-91d7-22787dba18af,unfenced.la,available,27.99,27.99,medium,low,8,namesilo,,,12/09/2026 10:10
1170a3ab-57cd-404a-8229-a13542561755,armagnac.la,available,27.99,27.99,medium,low,8,namesilo,,,20/09/2026 06:29
680e8ba3-b9f3-4929-afe7-f49031036e4e,disciple.la,resell,,,high,low,8,LA Domain Names,01/04/2023 01:33,01/04/2027 23:59,
c737540e-78be-4a4e-86db-759bc2fda202,midautumn.la,available,27.99,27.99,high,low,9,namesilo,,,17/09/2026 10:02
67b3e8b4-5864-47ef-97d2-9792ce03e177,anpu.la,available,32.98,41.98,medium,low,4,namecheap,,,19/09/2026 11:59
55eeeb6f-c800-4aa2-b2bb-abd304f7b8c1,manioc.la,available,27.99,27.99,medium,low,6,namesilo,,,23/09/2026 22:51
edc266fc-490f-4f17-99ae-fbddec4c761a,spheres.la,available,27.99,27.99,medium,low,7,namesilo,,,20/09/2026 04:06
ed6f1f5e-2b9a-477f-af2e-73752f3eedfc,mangled.la,available,27.99,27.99,medium,low,7,namesilo,,,24/08/2026 14:53
85a2fc88-066f-48df-ae94-24b5527fa72a,beefeater.la,available,32.98,41.98,high,low,9,namecheap,,,23/09/2026 01:09
e302cdb8-d8f2-4ccf-a2fd-64f5f54dd9bd,gum.la,resell,,,high,low,3,,,,24/09/2026 14:25
67c71020-fb4b-4f17-be16-c87df623ba7a,staff.la,resell,,,high,low,5,.LA Founders Premium Program,12/03/2016 04:14,12/03/2027 23:59,25/09/2026 22:20
3ee67816-2714-4b6e-b79f-0b3290f799f2,azerbaijan.la,available,27.99,27.99,high,high,10,namesilo,,,21/09/2026 11:10
8d8fb880-338d-45bb-bfb2-20ce36c4c4a6,treed.la,available,27.99,27.99,medium,low,5,namesilo,,,07/08/2026 11:13
afede3c9-6f37-4be0-8f0e-2a31dd22740a,signaling.la,available,27.99,27.99,high,medium,9,namesilo,,,10/09/2026 08:00
942a1695-0c86-4340-9b3e-447cfc15b806,queenly.la,available,27.99,27.99,high,low,7,namesilo,,,09/09/2026 07:52
615d5a77-f5eb-4ff9-ab4e-aa141c996fe3,frustrate.la,available,27.99,27.99,medium,low,9,namesilo,,,24/09/2026 12:25
9482bd65-a05a-46a0-b872-ca468b227fb6,ecological.la,available,32.98,41.98,high,low,10,namecheap,,,22/09/2026 21:01
814f9511-5f72-4bdb-a498-dcfd2b0776aa,puppylike.la,available,27.99,27.99,high,medium,9,namesilo,,,09/09/2026 06:10
437196ea-87c0-49d5-9f05-0e8846c568dc,appendix.la,available,32.98,41.98,high,low,8,namecheap,,,19/09/2026 20:40
b738720e-fd3d-4689-b514-1c962c066a5d,scheduled.la,available,39,,high,low,9,name.com,,,
265795f3-95fe-4b09-bb17-5a332d4522bb,baptists.la,available,27.99,27.99,high,low,8,namesilo,,,22/09/2026 03:33
17221fa1-8bd8-4bf0-b706-548c21e71535,trifling.la,available,27.99,27.99,medium,low,8,namesilo,,,05/09/2026 00:21
9da0ff01-4b18-4090-88c2-893fed196a20,assagai.la,available,27.99,27.99,medium,low,7,namesilo,,,20/09/2026 15:41
91d04787-ef38-45bd-a24a-2f1975f3d5b2,numberless.la,available,27.99,27.99,high,low,10,namesilo,,,13/08/2026 03:42
90aab96b-fc6b-4e92-bd6f-62eec420da3f,aunty.la,available,39,46.99,high,low,5,name.com,,,21/09/2026 04:13
ddb8b86e-b54c-4af7-a8f9-e6716da94ec9,atresia.la,available,27.99,27.99,medium,low,7,namesilo,,,21/09/2026 00:42
1ee6a13e-3729-457a-b8df-739c23ddc3a3,catclaw.la,available,27.99,27.99,medium,low,7,namesilo,,,23/09/2026 23:59
53a0c3b4-8b47-46fe-8a54-a6762881c078,profitably.la,available,32.98,41.98,high,low,10,namecheap,,,14/09/2026 20:29
e4d73e26-107f-48ad-a614-299bfbe5420b,permanent.la,available,27.99,27.99,high,low,9,namesilo,,,22/08/2026 20:24
4411bf6b-36dc-45d3-88c0-71ca5a5b7e73,motorcar.la,available,27.99,27.99,high,low,8,namesilo,,,21/09/2026 05:29
5ee073c1-d270-490b-8c03-b1105ee600f7,rhianna.la,available,27.99,27.99,high,low,7,namesilo,,,
a1d68158-9101-4e18-843c-ab3d7d36696d,division.la,available,27.99,27.99,high,low,8,namesilo,,,
68ad1d87-2028-4d55-86f9-b2c95a1a77e9,bede.la,available,27.99,27.99,high,low,4,namesilo,,,21/09/2026 17:17
6f712c40-c72d-498f-9947-4111e9281046,onset.la,available,27.99,27.99,high,low,5,namesilo,,,04/09/2026 14:29
7bc38f31-cfcb-4279-a3d8-5d877aacaaef,subfusc.la,available,27.99,27.99,medium,low,7,namesilo,,,10/09/2026 23:47
3b60cafd-75c5-42ff-bcb9-936c10320a44,pathless.la,available,27.99,27.99,medium,low,8,namesilo,,,08/09/2026 10:25
2faeaf89-d7ab-40f1-ba8a-33e0fcde8640,renunciant.la,available,27.99,27.99,medium,low,10,namesilo,,,09/09/2026 14:23
eeaed2ec-6636-4491-aa41-3d2029e23fff,mouthy.la,available,39,,medium,low,6,name.com,,,
1a42f904-85ca-4f46-8d78-1c2425ca2865,amberjack.la,available,27.99,27.99,medium,low,9,namesilo,,,18/09/2026 16:35
f4533f2c-8a5f-413f-8652-7f4430f34a76,mortified.la,available,32.98,41.98,medium,low,9,namecheap,,,18/08/2026 20:17
2bd06a4b-8f12-4eaf-9efd-e6d3cb2fd8c9,packets.la,available,27.99,27.99,medium,low,7,namesilo,,,20/09/2026 14:11
88598db0-a07f-4795-be69-927816911fcd,hospitably.la,available,27.99,27.99,high,low,10,namesilo,,,15/09/2026 01:10
b70c8b8a-6332-475c-8963-ed026e1bdac7,ideas.la,resell,,,high,low,5,.LA Founders Premium Program,17/03/2016 23:55,17/03/2027 23:59,
210bdd05-cc58-4ce6-bbe8-afa8300b6e7f,prose.la,available,27.99,27.99,high,low,5,namesilo,,,
25254390-b36d-40c1-a23c-e966fe9420c6,what.la,resell,,,high,low,4,LA Domain Names,12/06/2014 20:40,12/06/2027 23:59,20/09/2026 06:24
52a6c10c-a378-4188-ad12-144346f84eb3,loath.la,available,27.99,27.99,medium,low,5,namesilo,,,24/08/2026 08:17
f92cdff2-9ebc-4c92-afab-c0cad7b07474,richmond.la,available,27.99,27.99,high,low,8,namesilo,,,
6e9577f8-8691-4535-849e-92516743c885,humped.la,available,27.99,27.99,medium,low,6,namesilo,,,13/08/2026 07:40
d6c3ad6d-9bd2-4e65-815b-95696a2becaa,equivalent.la,available,27.99,27.99,high,low,10,namesilo,,,24/09/2026 14:50
d543f000-605b-442d-8004-4f5237dac488,listened.la,available,32.98,41.98,medium,low,8,namecheap,,,25/09/2026 19:45
3337c887-10f3-4849-b382-f349453fac2a,bernstein.la,available,27.99,27.99,high,low,9,namesilo,,,23/09/2026 10:01
bef4306c-cac8-4430-80ce-b85bba944c24,adolescent.la,available,32.98,41.98,high,low,10,namecheap,,,21/09/2026 19:03
f41a3045-5781-4eae-a9a6-a492d1b60b9e,bayesian.la,available,27.99,27.99,medium,low,8,namesilo,,,09/08/2026 03:13
3b2198ac-1947-4fff-b602-f69e513724f6,kookie.la,available,32.98,41.98,medium,low,6,namecheap,,,06/08/2026 21:09
578ab811-830f-431c-ae36-650b7baf8b3a,amiability.la,available,32.98,41.98,high,low,10,namecheap,,,17/09/2026 13:57
9addf448-6500-4164-bcf0-ee08b7f99177,fiendish.la,available,27.99,27.99,medium,low,8,namesilo,,,14/08/2026 01:31
eb9ec9e9-a3f2-40ea-8640-af86a1f14d09,sympatric.la,available,27.99,27.99,medium,low,9,namesilo,,,11/09/2026 06:05
34d3fdc9-0f38-4016-a82f-a853aec91bb6,visioned.la,available,27.99,27.99,high,low,8,namesilo,,,20/09/2026 16:28
048b72eb-e383-4c2c-aaae-07a371ae8590,aneroid.la,available,27.99,27.99,medium,low,7,namesilo,,,
c65f617b-a319-4aa9-8bfc-ef7872830bc8,bayard.la,available,32.98,41.98,medium,low,6,namecheap,,,22/09/2026 17:54
7ae92952-a7b3-485d-a12f-bad7f4fbac53,inflected.la,available,27.99,27.99,medium,low,9,namesilo,,,22/08/2026 04:31
f0c5ffc7-88db-49cc-96b6-ea3f7525c3d6,comparably.la,available,27.99,27.99,medium,low,10,namesilo,,,14/09/2026 07:37
d8619572-7ceb-461e-9f2a-e99e8a8761a1,acarpelous.la,available,27.99,27.99,medium,low,10,namesilo,,,
182149de-fe04-4aa2-8922-4d9f6ed8872f,wheedle.la,available,32.98,41.98,medium,low,7,namecheap,,,24/09/2026 04:07
41568176-2df5-4215-806f-7bf0b15616f4,noodle.la,resell,,,high,low,6,,,,24/09/2026 06:38
8065d734-1ea4-4558-bad4-1ef83c85c920,condolences.la,available,27.99,27.99,medium,low,11,namesilo,,,
12e41a95-f3c3-439c-ba3c-39405844ba48,library.la,resell,,,high,low,7,.LA Founders Premium Program,05/03/2016 01:33,05/03/2027 23:59,23/09/2026 17:30
6fd81d84-b737-4801-ab87-b9fa462f7928,briefcase.la,available,39,,high,low,9,name.com,,,
f4202a91-26f0-4e1d-a0a2-2e00c8d9d4f0,devotes.la,available,27.99,27.99,medium,low,7,namesilo,,,20/09/2026 02:04
5bcda289-60f3-4282-84cb-6c0cd0c7a33f,antiserum.la,available,32.98,41.98,medium,low,9,namecheap,,,19/09/2026 15:05
6557d0ab-df65-4a82-ba15-52eed056d864,glaucous.la,available,27.99,27.99,medium,low,8,namesilo,,,20/08/2026 14:16
e7347329-071a-49b4-99dd-ee9dd89b7b78,draft.la,resell,,,high,low,5,,,,23/09/2026 16:03
2651c65c-1430-4037-a985-15e8ce64807a,contrabass.la,available,27.99,27.99,medium,low,10,namesilo,,,12/08/2026 23:28
13e0e40d-940c-4331-aae5-b76ce2325e9f,punky.la,available,32.98,41.98,medium,low,5,namecheap,,,23/09/2026 22:32
0a82f530-e272-4879-80d1-cb854fa653ff,anguish.la,available,27.99,27.99,medium,low,7,namesilo,,,19/09/2026 07:36
ec29b8b3-f699-45d7-becd-8f6253813392,folksy.la,available,27.99,27.99,medium,low,6,namesilo,,,13/08/2026 04:22
73508a12-dd88-4af2-9ada-3297fb4e90d6,badgering.la,available,27.99,27.99,medium,low,9,namesilo,,,13/09/2026 13:19
40d6780a-19a1-4b0e-bbee-e1f9c63934c8,explanation.la,available,27.99,27.99,high,low,11,namesilo,,,
9e5a515a-88be-4157-ba43-9836f7eec2a9,access.la,resell,,,high,medium,6,.LA Premium Names Program,28/04/2016 01:24,28/04/2027 23:59,26/09/2026 01:20
f0a590b4-50fd-4c9f-ad1c-1e66200dfc4e,drawn.la,available,27.99,27.99,high,low,5,namesilo,,,23/09/2026 12:57
4177e1b8-c598-4a22-bb81-d444a72dd300,anguilla.la,available,27.99,27.99,high,high,8,namesilo,,,19/09/2026 07:26
a9f0480b-0b31-4a24-9905-d9ae3e69972e,sacral.la,available,32.98,41.98,high,medium,6,namecheap,,,09/09/2026 20:38
23ae45ba-765f-4254-abe5-94f02d3bd161,foggy.la,available,27.99,27.99,medium,low,5,namesilo,,,10/08/2026 16:21
c9bbb1bb-ab99-4f95-91ae-ca12021d7820,ototoxic.la,available,27.99,27.99,medium,low,8,namesilo,,,04/09/2026 18:36
9c048be3-1c46-45f2-86cc-88da8f718dde,coplanar.la,available,27.99,27.99,medium,low,8,namesilo,,,13/08/2026 00:32
c3f077fe-6b3c-44db-865c-676763e0e7e4,alehouse.la,available,27.99,27.99,high,low,8,namesilo,,,18/09/2026 05:01
d9c40dbd-5d02-4292-ac11-0121bbab8e8f,gamy.la,available,32.98,41.98,medium,low,4,namecheap,,,18/08/2026 19:55
683996cd-b777-477c-be69-487a372fcc97,controversial.la,available,27.99,27.99,medium,low,13,namesilo,,,
c9096013-d95a-42b1-8e44-362521e1781c,squirting.la,available,27.99,27.99,medium,low,9,namesilo,,,22/08/2026 13:15
d7a4204e-52a6-4736-a5c7-30962093e18b,amun.la,available,32.98,41.98,medium,low,4,namecheap,,,18/09/2026 18:29
5f566278-9ec9-4512-80c8-cf5dba23ceab,gari.la,available,32.98,41.98,high,low,4,namecheap,,,23/09/2026 22:55
86e2e2e5-dca5-4926-a3dd-d8a9bbc38216,anglesea.la,available,27.99,27.99,medium,low,8,namesilo,,,19/09/2026 06:27
2f73acda-6d9a-46a0-841b-ad399e83cb92,antipodes.la,available,27.99,27.99,medium,low,9,namesilo,,,19/09/2026 14:59
e5838290-09b8-406c-9f5e-b3d18a55a403,luteal.la,available,27.99,27.99,medium,low,6,namesilo,,,24/08/2026 12:07
cb524a15-4555-4b08-98da-49847debdac8,coarse.la,available,27.99,27.99,medium,low,6,namesilo,,,12/08/2026 13:56
3cc9bedf-21ff-4051-8425-dbb7244c3b84,thither.la,available,27.99,27.99,medium,low,7,namesilo,,,16/09/2026 08:57
f1d013d7-fc1e-4be6-aeab-64dcef151dde,minded.la,available,27.99,27.99,high,low,6,namesilo,,,24/08/2026 23:35
b545a303-dac0-4288-b52a-052e3b126b0f,jitney.la,available,27.99,27.99,medium,low,6,namesilo,,,21/09/2026 05:56
00659a74-1af1-4b79-b4f4-476ded76e50b,compel.la,available,27.99,27.99,high,low,6,namesilo,,,03/09/2026 23:39
a624e4d6-c611-4570-8c9e-f14a75d84bb7,arrives.la,available,27.99,27.99,medium,low,7,namesilo,,,20/09/2026 01:05
1f7e87f5-4b19-466c-a636-96ed956fe772,enkindled.la,available,27.99,27.99,medium,low,9,namesilo,,,17/08/2026 09:31
b4e338db-5027-42a8-b3c6-a3b9b816c715,bedpan.la,available,27.99,27.99,medium,low,6,namesilo,,,22/09/2026 23:28
c2a1d46a-8130-4a9f-98af-3fbb6046aefc,mrna.la,available,27.99,27.99,high,low,4,namesilo,,,25/09/2026 23:11
c5331bbf-3d15-41fe-aaef-8e17768edbab,beriberi.la,available,27.99,27.99,medium,low,8,namesilo,,,23/09/2026 09:23
cb35d5b9-5b69-41b2-aaf9-1f176a3daeaa,countable.la,available,27.99,27.99,high,low,9,namesilo,,,13/08/2026 03:28
b7f666e7-a2e2-40e2-bf29-fbc114661c21,ted.la,resell,,,high,low,3,.LA Founders Premium Program,05/03/2016 01:34,05/03/2027 23:59,
9ae509d8-b45a-482d-a18b-ac2e9aa6e4d2,hydrous.la,available,27.99,27.99,medium,low,7,namesilo,,,21/08/2026 16:14
0f31fd32-fe0c-4699-9187-03d1b712fcee,continual.la,available,27.99,27.99,high,low,9,namesilo,,,23/09/2026 22:10
f65d66f0-c18b-4a7c-95cb-826944c6cf52,binaural.la,available,27.99,27.99,medium,low,8,namesilo,,,09/08/2026 18:40
549449cd-d4f1-44e6-b713-e1697a880517,alhazen.la,available,27.99,27.99,medium,low,7,namesilo,,,18/09/2026 00:42
a004398a-6ced-42a6-8996-be4cf2d52138,empowering.la,available,27.99,27.99,high,low,10,namesilo,,,
db828eb6-fc92-4600-87e2-a6a970fad246,miranda.la,resell,,,high,low,7,,,,25/09/2026 12:16
01c64194-6c49-4e92-bcd2-c4d210d46df9,misprint.la,available,32.98,41.98,high,low,8,namecheap,,,24/08/2026 02:49
2293d1fb-7797-4757-9abe-84c79b5e9cdd,bionomics.la,available,27.99,27.99,high,low,9,namesilo,,,23/09/2026 18:43
b6671f24-0590-45b8-9316-6632a7ec6b04,asterion.la,available,27.99,27.99,medium,low,8,namesilo,,,20/09/2026 17:10
8f9cd97b-58c6-47bb-b4c3-3bb177b83a85,peggy.la,available,32.98,41.98,high,low,5,namecheap,,,25/09/2026 13:02
435031ed-0fd4-4e41-884e-d2d95ce4cb52,adust.la,available,27.99,27.99,medium,low,5,namesilo,,,
99e0f46d-d382-4b7a-a17b-7977870caa87,yourselves.la,available,27.99,27.99,medium,low,10,namesilo,,,
29a034b3-a6fa-421b-8d08-12efc61b0129,marketing.la,resell,,,high,medium,9,Namecheap,01/03/2006 01:00,01/03/2027 23:59,23/09/2026 16:46
163d60a5-0c2a-46d0-a8d4-fa8ac75283f8,uhf.la,available,27.99,27.99,high,low,3,namesilo,,,26/09/2026 00:28
705d44b6-02d6-47a7-afed-7b7f3b1528a0,microbic.la,available,27.99,27.99,medium,low,8,namesilo,,,24/08/2026 22:21
3ac4e0e0-3a07-4260-a00b-2f9077f62e44,abiding.la,available,27.99,27.99,high,low,7,namesilo,,,21/09/2026 13:52
e95a76af-0a08-45fb-af87-2bfb4208291e,utilized.la,available,27.99,27.99,medium,low,8,namesilo,,,13/09/2026 00:05
4826e2d0-f7ad-4ccb-9cd5-8b9f835d353e,steadied.la,available,32.98,41.98,medium,low,8,namecheap,,,10/09/2026 19:30
ebe66ba2-7fcc-4fd9-9133-e6dfcb838b71,vodka.la,resell,,,high,low,5,LA Domain Names,01/04/2019 09:28,01/04/2027 23:59,
7ddee4b2-21ef-425e-a479-bf36d93a6d8c,brusque.la,available,27.99,27.99,medium,low,7,namesilo,,,11/08/2026 07:02
d6505300-621a-4d0b-b5fc-1b35bbb617b5,ontogeny.la,available,32.98,41.98,high,low,8,namecheap,,,20/08/2026 20:29
121b8d27-5566-4d0c-b841-3bcafa674a74,azure.la,resell,,,high,high,5,LA Domain Names,27/12/2018 14:02,27/12/2026 23:59,26/09/2026 04:12
6fad24fe-8b78-47c0-bb69-30f73f0d7880,anhinga.la,available,27.99,27.99,medium,low,7,namesilo,,,19/09/2026 08:18
c6ba3844-ceb5-4d6a-ae09-4743d7d95ce5,graded.la,available,32.98,41.98,high,low,6,namecheap,,,20/08/2026 17:36
bebabe5a-c719-48d6-9635-64388b268a5b,hesperides.la,available,27.99,27.99,medium,low,10,namesilo,,,20/09/2026 21:44
b99f4c6f-234b-4c7b-a63e-3ce6258bd5ae,antares.la,resell,,,high,low,7,VIPDomains.LA  Founders Program,24/06/2022 23:13,24/06/2027 23:59,26/09/2026 03:54
09513aee-bb79-4d3e-9c7d-2b11078d9ad1,venturer.la,available,27.99,27.99,high,low,8,namesilo,,,24/09/2026 10:43
0cd96e99-d941-4cbe-9b27-1aa2e9727c96,fivefold.la,available,27.99,27.99,medium,low,8,namesilo,,,18/08/2026 05:56
fd1801ea-2cb6-48de-91f6-d4a72c0e1c88,nailed.la,available,27.99,27.99,medium,low,6,namesilo,,,18/09/2026 21:49
9b5acd97-2079-402f-935b-3ed698466fee,courteous.la,available,27.99,27.99,high,low,9,namesilo,,,24/09/2026 00:40
cacaff21-067e-460b-aef6-3e90009be19e,applier.la,available,27.99,27.99,medium,low,7,namesilo,,,19/09/2026 21:54
88730438-2d15-4ea7-837f-d34b636baef9,otc.la,resell,,,high,low,3,LA Domain Names,08/03/2025 00:35,08/03/2027 23:59,04/09/2026 18:34
a54cb69f-ba80-447a-9984-af592b2fafe5,discourse.la,available,32.98,41.98,high,low,9,namecheap,,,23/09/2026 22:52
bc218db5-d244-474f-aa83-6c55cc00803b,immodest.la,available,32.98,41.98,medium,low,8,namecheap,,,21/08/2026 21:09
2e4f5303-c8bc-4498-9744-97805b8165b4,aleatory.la,available,27.99,27.99,medium,low,8,namesilo,,,
26df443d-eb05-42f5-81b1-5d96efdebf7c,histrionic.la,available,27.99,27.99,medium,low,10,namesilo,,,21/08/2026 09:57
4d9a689c-1ce2-4971-b9c0-2440615585c6,lose.la,available,39,,medium,low,4,name.com,,,
cc24fc52-b534-4076-8edc-8a2ccac45d7c,potbelly.la,available,27.99,27.99,medium,low,8,namesilo,,,22/09/2026 17:43
cc465ed7-d3cc-4e7a-ae8f-76a7e514039d,pirate.la,resell,,,high,low,6,TLD Registrar Solutions Ltd,05/03/2009 14:08,05/03/2027 23:59,
205674b8-dc13-4b70-837d-7910ac06a69a,amyl.la,available,27.99,27.99,medium,low,4,namesilo,,,19/09/2026 00:29
4c78f1fd-29d2-4b58-ace3-d898352d672e,nancy.la,resell,,,medium,low,5,,,,25/09/2026 09:33
af2f0607-012c-4d4f-87c8-6a4df3c722b0,specious.la,available,27.99,27.99,high,medium,8,namesilo,,,10/09/2026 15:26
3a7161ef-9012-4464-a54a-a023d7f547dd,skeptical.la,available,27.99,27.99,medium,low,9,namesilo,,,14/08/2026 09:34
0d7189f6-5c1d-4da1-af94-f82b6f4078a8,particle.la,available,32.98,41.98,high,low,8,namecheap,,,24/09/2026 18:19
5ec029d3-b438-46dc-85ba-fa981827dba7,chronicle.la,resell,,,high,low,9,VIPDomains.LA  Founders Program,24/06/2022 23:10,24/06/2027 23:59,26/09/2026 04:56
2e1a5756-a540-456b-baac-8d91ed388150,visceral.la,available,27.99,27.99,medium,low,8,namesilo,,,10/09/2026 16:02
24286524-4fd5-4ef2-93e4-c6769499230d,harrison.la,resell,,,high,low,8,,,,23/09/2026 08:20
461f3083-8990-4b02-b9d5-e7c8aaec87b0,club.la,resell,,,high,low,4,LA Domain Names,12/01/2024 23:46,12/01/2027 23:59,
bfccef7c-f7cd-4201-aa1a-1224f26a793d,odious.la,available,27.99,27.99,medium,low,6,namesilo,,,
e80e70ca-54a0-47a2-a736-af12c5fcfff9,perfidy.la,available,27.99,27.99,medium,low,7,namesilo,,,23/09/2026 11:25
ad8133db-cb9d-4690-a19a-5a56974767e2,adventitia.la,available,27.99,27.99,medium,low,10,namesilo,,,17/09/2026 10:36
1a2e3127-0a4b-4ff3-acd2-466d9754e404,amplifies.la,available,32.98,41.98,medium,low,9,namecheap,,,17/09/2026 20:54
e4e65600-5f29-427c-839d-75fc7dfa7895,unwanted.la,available,27.99,27.99,high,low,8,namesilo,,,12/09/2026 07:48
18c627b7-75f4-445c-89f8-a990e4dc29b7,unhappy.la,available,27.99,27.99,high,low,7,namesilo,,,24/09/2026 12:43
3aa386ab-130f-41bc-99a0-29cd3d8e976c,ability.la,resell,,,high,low,7,LA Domain Names,07/01/2020 02:41,07/01/2027 23:59,26/09/2026 01:18
98bec79f-3aed-4baf-8d12-4099ca9ec2c2,ceo.la,resell,,,high,low,3,.LA Founders Premium Program,12/03/2016 04:12,12/03/2027 23:59,26/09/2026 04:50
c5764e7f-6f1e-4d3b-a0d5-c5c2f8b91bdf,medusa.la,available,32.98,41.98,high,low,6,namecheap,,,24/08/2026 19:13
40f0ec15-26dd-4944-94a0-2998cc5007b4,bahaism.la,available,32.98,41.98,medium,low,7,namecheap,,,21/09/2026 18:33
aba1b8b8-e01f-4fa4-a1f6-af2a29fc7a8e,francisco.la,resell,,,high,low,9,,,,25/09/2026 18:30
0eb0816d-9952-40fd-a2d5-71c2a2e57d95,soundless.la,available,27.99,27.99,high,medium,9,namesilo,,,10/09/2026 08:06
79815ecb-a7a9-4017-9c9a-410c93ace3e3,slaphappy.la,available,27.99,27.99,medium,low,9,namesilo,,,14/08/2026 05:04
00b492b1-c652-4201-8b3a-0bcd8f159693,advertisement.la,resell,,,high,low,13,"GoDaddy.com, Inc.",04/08/2023 04:38,04/08/2027 23:59,26/09/2026 01:24
2414e5cb-434c-44bd-9882-b5502f3e8c2b,initially.la,available,27.99,27.99,high,low,9,namesilo,,,
43bee5b8-7940-45c3-94c3-3f17bd142733,unprovable.la,available,27.99,27.99,medium,low,10,namesilo,,,12/09/2026 17:29
c624c69f-cdd1-4021-9587-4981cdac983a,shells.la,available,27.99,27.99,medium,low,6,namesilo,,,19/09/2026 01:23
0eaa5818-35dd-42fc-ba82-9d0a2c1ec973,meddlesome.la,available,27.99,27.99,medium,low,10,namesilo,,,11/08/2026 11:23
b513b961-79bf-47df-9dbc-81ca9f18b971,protein.la,resell,,,high,low,7,LA Domain Names,09/08/2017 16:06,09/08/2027 23:59,08/09/2026 08:51
5a28854f-d629-4e13-8ffb-d107b5097134,menacingly.la,available,27.99,27.99,medium,low,10,namesilo,,,15/09/2026 14:03
00c77d67-cc8d-41f5-8f79-b55a89efc8fb,sore.la,available,,,high,low,4,,,,
00b4053a-297b-47ac-b6ec-b226c05cf158,immutable.la,available,27.99,27.99,high,low,9,namesilo,,,12/08/2026 01:57
84113a96-4230-46e0-964a-33ca8606aead,inherent.la,available,27.99,27.99,high,low,8,namesilo,,,23/09/2026 10:30
6be968ad-0860-4d49-8cf4-0e37a15d8784,molecules.la,available,27.99,27.99,medium,low,9,namesilo,,,
541fa34e-b27f-467b-8154-17949431a6b6,classroom.la,resell,,,high,low,9,VIPDomains.LA  Founders Program,11/02/2020 01:52,11/02/2027 23:59,
8bed5de6-441f-43be-8ff7-0deea6f4c7e4,coward.la,available,32.98,41.98,medium,low,6,namecheap,,,24/09/2026 18:55
a0b6cdac-be56-425a-91b7-89d875a66738,alignment.la,available,27.99,27.99,high,low,9,namesilo,,,18/09/2026 07:47
848ce28e-07c0-47b3-bf9c-16b1e8244b6b,dies.la,available,27.99,27.99,medium,low,4,namesilo,,,25/09/2026 16:12
c2376088-1db5-450f-9917-0080e3b2fd1e,height.la,available,32.98,41.98,high,low,6,namecheap,,,25/09/2026 19:39
e7dae155-8ba8-43f3-a996-e7a1d1223c89,tectonics.la,available,27.99,27.99,medium,low,9,namesilo,,,20/09/2026 02:14
f4e0c2ee-8cc9-4019-9ff2-6e8ed661c0e2,uninviting.la,available,27.99,27.99,medium,low,10,namesilo,,,12/09/2026 13:39
51cb5e28-66a7-4bb1-9724-717a15220b40,dependence.la,available,32.98,41.98,medium,low,10,namecheap,,,17/09/2026 06:54
acf146eb-6716-47f8-9d8b-82e5925efb8d,eve.la,resell,,,high,medium,3,"GoDaddy.com, Inc.",22/03/2016 16:51,22/03/2027 23:59,24/09/2026 15:30
e02232f2-0e1c-46f9-87fb-a453ef499310,tearless.la,available,32.98,41.98,medium,low,8,namecheap,,,14/08/2026 20:31
76dca867-27e3-4b26-af18-36dbb2c2c88c,advisors.la,resell,,,high,low,8,LA Domain Names,28/08/2021 23:46,28/08/2027 23:59,26/09/2026 01:24
93cddb44-6f3f-4f6d-ae8f-888a14d73f96,sameness.la,available,27.99,27.99,medium,low,8,namesilo,,,21/08/2026 15:12
d66e8a42-9a41-4ece-bf19-c0e2d1adec7e,shoeless.la,available,32.98,41.98,medium,low,8,namecheap,,,08/08/2026 19:04
e073bfad-3fe7-4b91-a875-fea30eef7c96,alderfly.la,available,27.99,27.99,medium,low,8,namesilo,,,18/09/2026 04:32
32feb553-631b-43e5-8933-543699eaf696,vandyke.la,available,32.98,41.98,medium,low,7,namecheap,,,19/09/2026 13:44
7ea2568e-ecb2-40b3-a049-65389395b4d1,exodus.la,resell,,,high,low,6,,,,24/09/2026 06:52
ce0e6be3-c8dc-4385-af51-dcc22c8643b8,potential.la,resell,,,high,low,9,.LA Founders Premium Program,29/02/2020 18:22,28/02/2027 23:59,
2a712413-85a2-4679-988e-d62be1c74943,churl.la,available,27.99,27.99,medium,low,5,namesilo,,,13/08/2026 05:00
4b16e34f-3299-423a-b278-effbdbaa0fbf,trumpet.la,available,32.98,41.98,high,low,7,namecheap,,,24/09/2026 18:17
e6c07ea8-5b34-4f15-b504-256bd99a0c5e,capsulize.la,available,32.98,41.98,medium,low,9,namecheap,,,11/08/2026 18:15
cf7ee99a-cba0-4113-8634-e6e69af9f0e3,asarum.la,available,32.98,41.98,medium,low,6,namecheap,,,20/09/2026 12:52
c8f09ddb-e811-464d-88e1-189cc18e9e32,lyndon.la,available,27.99,27.99,medium,low,6,namesilo,,,25/09/2026 16:09
6d4adf15-9df4-4a95-9e24-2e61b45d04df,frock.la,available,32.98,41.98,medium,low,5,namecheap,,,14/08/2026 18:55
913091bc-582d-4329-b797-6bceb9eaf2f7,backyard.la,resell,,,high,low,9,LA Domain Names,28/12/2023 08:17,28/12/2026 23:59,26/09/2026 04:12
c4935fec-2918-4e8e-9c15-effac43dd5d1,resignation.la,available,39,,high,low,11,name.com,,,
78e3a39e-8d51-48a2-8e4b-532b6131f8e3,transparent.la,resell,,,high,low,11,VIPDomains.LA  Founders Program,30/10/2022 11:19,30/10/2026 23:59,
9944d837-a20b-42ff-aba4-089c38a5fcaf,xxxvii.la,available,27.99,27.99,medium,low,6,namesilo,,,
e89833df-1cbc-4c10-b90a-7545999bc078,francis.la,resell,,,high,low,7,,,,25/09/2026 13:36
8e7bd9fb-7922-4540-a536-697d6e217f63,lenient.la,available,27.99,27.99,high,low,7,namesilo,,,22/08/2026 23:46
be6dbee3-610e-4910-b17d-4c601603c901,finals.la,available,27.99,27.99,high,low,6,namesilo,,,18/09/2026 22:07
fba3ec34-e62f-43bd-a8b1-a0cc6b355ab9,doubtful.la,available,27.99,27.99,high,low,8,namesilo,,,24/09/2026 11:52
e3df3720-29ab-4e04-b25e-4acad608cc33,intolerant.la,available,32.98,41.98,medium,low,10,namecheap,,,21/08/2026 20:02
17732afb-c183-4cc3-aa30-55eb1b434cbf,die.la,resell,,,high,low,3,LA Domain Names,28/03/2020 19:42,28/03/2027 23:59,
efd725d3-490f-406e-89ff-4b28cbd8e5ff,fossilized.la,available,27.99,27.99,medium,low,10,namesilo,,,18/08/2026 13:12
59fc10a5-9df3-40a0-95a1-f048c01358f1,dopey.la,available,27.99,27.99,medium,low,5,namesilo,,,14/08/2026 16:04
c7c589e4-7ce8-49b7-acc0-f1d22b780ba8,twinkle.la,available,27.99,27.99,high,low,7,namesilo,,,18/08/2026 06:46
2479f888-6b14-4654-8499-b7b033298e50,megalithic.la,available,32.98,41.98,medium,low,10,namecheap,,,24/08/2026 19:24
5a12bf3d-ab0c-4d91-8b0c-bf2b036568f1,developed.la,resell,,,high,low,9,LA Domain Names,08/03/2017 18:18,08/03/2027 23:59,24/09/2026 07:51
ae3caf85-59f1-4f75-a90c-37a74bbb9760,xanax.la,available,27.99,27.99,medium,low,5,namesilo,,,18/09/2026 14:09
a58c6d11-90b4-47e1-b778-fc404d9acf6d,pimply.la,available,27.99,27.99,medium,low,6,namesilo,,,
0395ced4-e441-402c-92bc-d5fc15cf87c7,playdate.la,available,39,,high,low,9,name.com,,,
9bf0d563-edec-4bef-b791-db647ca02309,vanadium.la,available,27.99,27.99,medium,low,8,namesilo,,,20/09/2026 22:37
d5e810b9-b345-41ff-9c8b-de274b7a6913,covid.la,resell,,,high,low,5,LA Domain Names,03/06/2025 00:05,03/06/2027 23:59,25/09/2026 09:08
1715fd4c-2c97-4cea-85d1-300221ca6b32,bentonite.la,available,27.99,27.99,high,low,9,namesilo,,,23/09/2026 08:46
772c00ac-1ae4-4e85-bc3f-a3657fd6d2a2,myopic.la,available,27.99,27.99,medium,low,6,namesilo,,,03/09/2026 12:14
a6e89c49-c480-4686-8a9c-e07b4d915d6a,bicyclist.la,available,27.99,27.99,high,low,9,namesilo,,,23/09/2026 13:22
0d79e6d3-d98f-46bf-9341-0e5a6d31d73e,ominous.la,available,32.98,41.98,medium,low,7,namecheap,,,24/08/2026 20:00
17c15918-a599-4c45-9474-ce04bbb508b2,spherical.la,available,27.99,27.99,high,low,9,namesilo,,,08/08/2026 10:21
2febcc0c-f5f7-4a13-ab17-90570d0a0484,arachis.la,available,27.99,27.99,medium,low,7,namesilo,,,19/09/2026 23:37
aa179935-cacb-4ac5-80bb-7d2ed6664b42,adrenaline.la,resell,,,high,low,10,VIPDomains.LA  Founders Program,28/05/2024 16:51,28/05/2027 23:59,26/09/2026 01:23
2258beaf-0f6f-41de-a52e-e095d6b1720a,pivot.la,resell,,,high,low,5,LA Domain Names,27/01/2018 01:24,27/01/2027 23:59,
8dadde34-854f-4469-9a01-0cf227ab4ce1,unquestionable.la,available,39,,medium,low,14,name.com,,,
1a34276d-13ac-4aaa-8e73-7bb63d601de9,birdfeeder.la,available,32.98,41.98,medium,low,10,namecheap,,,23/09/2026 19:53
af09b3f4-146f-41be-8917-09d3292a3533,alary.la,available,27.99,27.99,medium,low,5,namesilo,,,
3cb03591-81a2-44f5-8fda-72f820c5ed72,startled.la,available,32.98,41.98,medium,low,8,namecheap,,,10/09/2026 19:00
16c33411-c4e4-4c85-9bb1-c9b11bfadceb,appro.la,available,32.98,41.98,medium,low,5,namecheap,,,19/09/2026 22:20
d9624c00-266a-40f1-a473-d0a7afe2ef15,seymour.la,available,32.98,41.98,high,low,7,namecheap,,,25/09/2026 07:56
bbbe2876-2ebf-4785-99f0-63098ff9cac8,tilden.la,available,27.99,27.99,medium,low,6,namesilo,,,23/09/2026 14:08
21cf9a56-ef22-4de8-a4b1-701369988f85,filter.la,resell,,,high,low,6,,,,25/09/2026 00:06
07388dc0-c8e0-437a-bdcd-b4d443d15c1e,distorted.la,available,27.99,27.99,medium,low,9,namesilo,,,13/08/2026 23:39
b34c807e-b011-4546-afca-aa9e9c098310,gifts.la,resell,,,high,low,5,,,,25/09/2026 17:25
d3b2e358-0495-495d-9acf-c0a40208a69c,anthidium.la,available,32.98,41.98,medium,low,9,namecheap,,,19/09/2026 13:22
8ba3e145-781d-4c6e-922a-487dd2b7ae0e,address.la,resell,,,high,low,7,.LA Founders Premium Program,12/03/2016 04:14,12/03/2027 23:59,26/09/2026 01:22
6044e384-cf00-4f98-b497-4e7387766cef,bataan.la,available,27.99,27.99,medium,low,6,namesilo,,,22/09/2026 13:10
4f04ff3f-5989-4de8-a2bf-20d8eeef33ee,anubis.la,available,27.99,27.99,medium,low,6,namesilo,,,19/09/2026 11:58
4b581c1d-fb7a-42dc-9726-d8bd9e10445c,daring.la,available,27.99,27.99,high,low,6,namesilo,,,07/08/2026 21:39
c0ccf6d6-7150-46c8-ad27-d166a33800b4,epiphytic.la,available,27.99,27.99,high,medium,9,namesilo,,,17/08/2026 11:07
1661ba3a-ab4b-4ed4-9759-9a35017721ae,bicycler.la,available,32.98,41.98,medium,low,8,namecheap,,,23/09/2026 13:23
ad11d46b-d4b3-4b0c-99eb-f5deb62f5ded,gorge.la,available,27.99,27.99,high,low,5,namesilo,,,23/09/2026 17:20
9929ccbd-618b-44b1-94c5-87a4d1b9f565,saurian.la,available,32.98,41.98,medium,low,7,namecheap,,,22/08/2026 17:55
31610ba2-1a54-45e4-85b1-e6f0187a271e,pull.la,available,27.99,27.99,high,low,4,namesilo,,,
56ac56f0-2ec8-4549-8fd8-16f1b2a3840b,suggested.la,available,32.98,41.98,medium,low,9,namecheap,,,18/09/2026 13:48
93a4e268-32d6-4b1d-ad65-bc82f362fb0b,ungummed.la,available,27.99,27.99,low,low,8,namesilo,,,12/09/2026 11:43
fcbb1aad-f591-4533-9c7c-f5b6614b7728,chap.la,available,27.99,27.99,medium,low,4,namesilo,,,24/09/2026 06:13
af4af519-2e1f-46c1-b8b4-c57e06bfccc4,frequently.la,available,39,,high,low,10,name.com,,,
d700d24e-1d6b-4552-8b5e-ab9580268e40,buttermilk.la,available,32.98,41.98,high,low,10,namecheap,,,24/09/2026 11:20
c2e60cb9-51d4-4a5e-be2f-71802500209b,operators.la,available,27.99,27.99,medium,low,9,namesilo,,,24/09/2026 03:39
a925cb6a-78b5-4168-8942-6977bd1653ae,hushed.la,available,27.99,27.99,medium,low,6,namesilo,,,21/08/2026 15:54
0749149c-19b9-42da-84d2-b6cee2c69ea2,linden.la,available,27.99,27.99,medium,low,6,namesilo,,,22/09/2026 12:37
0cc125a9-8171-4733-8ebd-e6c83674eda3,missing.la,resell,,,high,low,7,VIPDomains.LA  Founders Program,04/03/2015 05:19,04/03/2027 23:59,25/09/2026 16:55
b6790e1e-2f78-48fa-9ab0-85a56bb19393,grown.la,available,27.99,27.99,high,low,5,namesilo,,,08/09/2026 15:16
9ca15a47-7537-4f3d-a663-3d4b5402810d,studios.la,resell,,,high,low,7,LA Domain Names,22/05/2017 11:57,22/05/2027 23:59,18/09/2026 18:25
7e761308-a779-44b3-92e3-becbb2103ccf,unlivable.la,available,27.99,27.99,medium,low,9,namesilo,,,12/09/2026 14:57
47d677c9-62b3-486a-8896-07ebf1537fd0,fruitful.la,available,27.99,27.99,high,low,8,namesilo,,,18/08/2026 17:02
cbc6cb67-d0e7-464f-9631-e934d963ef3b,piggy.la,available,27.99,27.99,high,low,5,namesilo,,,21/08/2026 10:19
478f708a-f140-4ca6-8f99-cb2d35220783,chaparral.la,available,27.99,27.99,medium,low,9,namesilo,,,10/09/2026 00:21
ed6766f4-f87a-4139-8989-9ca9e5de352e,positivist.la,available,27.99,27.99,high,low,10,namesilo,,,09/09/2026 00:12
090d2c31-1108-4baf-8591-a0070d41786d,charity.la,resell,,,high,low,7,LA Domain Names,22/03/2023 08:47,22/03/2027 23:59,26/09/2026 04:52
1d3dcbd4-dfcf-4b51-9fff-de5080d89d89,event.la,resell,,,high,medium,5,LA Domain Names,05/04/2017 00:11,05/04/2027 23:59,25/09/2026 05:15
efb68a6b-e6ff-4a58-8dda-a981431d456d,egocentric.la,available,27.99,27.99,medium,low,10,namesilo,,,15/08/2026 19:41
5bfc0e30-e832-4d82-af41-ae3d9510f3d7,unrested.la,available,32.98,41.98,medium,low,8,namecheap,,,12/09/2026 18:02
bbc83686-be4f-4b28-a324-74b8be1bb3f5,backspacer.la,available,27.99,27.99,medium,low,10,namesilo,,,21/09/2026 16:02
49cd0079-594f-4027-916b-44b42e861d97,dishy.la,available,27.99,27.99,medium,low,5,namesilo,,,14/08/2026 11:03
631b3135-1991-4696-aad8-a768a9b9dcbf,engines.la,available,32.98,41.98,medium,low,7,namecheap,,,19/09/2026 19:59
d5f58de4-5c90-4c2e-995b-981cfea85e93,fought.la,available,27.99,27.99,medium,low,6,namesilo,,,
33b4efa1-51c1-43c4-8744-bd746a8f8213,agnostic.la,available,27.99,27.99,high,low,8,namesilo,,,21/09/2026 23:11
5d9c802c-11b1-4aac-b0e3-9609e2b99f89,palpatory.la,available,27.99,27.99,medium,low,9,namesilo,,,05/09/2026 00:12
b664fdbf-6bd3-4649-b931-258cdd34c9fe,racial.la,available,27.99,27.99,high,low,6,namesilo,,,09/09/2026 09:19
efcb59ba-f78c-4d4d-9877-0c2d1a86c77f,resilient.la,resell,,,high,low,9,VIPDomains.LA  Founders Program,28/08/2015 23:55,28/08/2027 23:59,22/09/2026 20:25
582f690b-58f4-4d69-8002-821067ba2bc5,revenge.la,resell,,,high,low,7,,,,25/09/2026 10:18
cb134050-9424-4bcc-99c9-b34fa573cd4a,monitor.la,resell,,,high,low,7,LA Domain Names,02/12/2018 08:01,02/12/2026 23:59,
ab7ccf52-faaf-4c9d-8279-1c4b2f470a7b,modigliani.la,available,32.98,41.98,high,low,10,namecheap,,,18/09/2026 17:54
6638dfc2-1a6b-4ec1-9576-83e5a40a853f,assuring.la,available,27.99,27.99,medium,low,8,namesilo,,,07/08/2026 08:31
f9125511-2249-49a5-a90d-ec5e71115e89,delusory.la,available,32.98,41.98,low,low,8,namecheap,,,13/08/2026 21:18
33461ba0-9a40-4bd8-b4fe-b7cb7fa78907,foolproof.la,available,27.99,27.99,high,low,9,namesilo,,,18/08/2026 10:37
65f04c9d-eef3-41c3-b85e-c8cb21c98e54,intune.la,available,27.99,27.99,high,low,7,namesilo,,,17/09/2026 12:54
96a692c3-4112-48ac-b074-5477c9665543,cantaloup.la,available,32.98,41.98,high,low,9,namecheap,,,24/09/2026 12:08
6424f2c6-cbb5-4954-905b-a169fdfb92ca,unintended.la,available,27.99,27.99,medium,low,10,namesilo,,,12/09/2026 13:30
612de910-af73-4613-9019-d1b164665339,colin.la,resell,,,high,low,5,,,,26/09/2026 03:20
169c1672-0d24-4533-9228-21a494b3d15b,anoxia.la,available,27.99,27.99,medium,low,6,namesilo,,,19/09/2026 11:58
c6968e4c-4ddd-4e5b-8639-4642c6eac360,staged.la,available,32.98,41.98,high,low,6,namecheap,,,10/09/2026 18:02
519ae619-cad6-4b1d-9d63-108c7e1e4809,football.la,resell,,,high,low,8,Name.com LLC,19/05/2012 15:36,19/05/2027 23:59,25/09/2026 10:05
69737b19-04d5-4234-8434-1d2e13f0b86d,antagonism.la,available,27.99,27.99,medium,low,10,namesilo,,,19/09/2026 12:27
08919ec3-dbb9-4467-8e9d-55cc18fde78f,ananias.la,available,27.99,27.99,medium,low,7,namesilo,,,19/09/2026 02:03
0dd19fe6-55d4-4173-82b6-258aa91577b1,salutary.la,available,32.98,41.98,high,medium,8,namecheap,,,09/09/2026 21:00
f1cc4750-d703-46b1-88e4-03bb042a70c9,aerosol.la,available,32.98,41.98,high,low,7,namecheap,,,17/09/2026 13:15
681dd5a9-6e32-4b57-8949-c677c9c2ceec,xmas.la,resell,,,high,low,4,VIPDomains.LA  Founders Program,03/12/2014 22:28,03/12/2026 23:59,
82048e38-0682-4b71-aaca-22ccf6ea06f8,scorch.la,available,27.99,27.99,high,low,6,namesilo,,,10/09/2026 00:51
eb5c3447-d5d3-420b-a48c-b8fe94737bee,tort.la,available,27.99,27.99,high,low,4,namesilo,,,24/09/2026 15:10
0e946513-bbcf-445c-8590-9f95a739ea61,balaclava.la,available,32.98,41.98,medium,low,9,namecheap,,,21/09/2026 20:27
b4d32956-5a76-4ecd-8612-b1bbae2b0a34,soporific.la,available,27.99,27.99,medium,low,9,namesilo,,,21/08/2026 16:58
f844abee-cc03-4e0a-bc8f-3bcf5503228b,watermelon.la,resell,,,high,low,10,VIPDomains.LA  Founders Program,15/06/2024 16:38,15/06/2026 23:59,
9bebf805-2a2b-4a66-a27c-21c64c5b971f,actuarial.la,available,32.98,41.98,high,low,9,namecheap,,,
b7a82a19-aecd-4e4a-87fe-2592472b31cf,bearskin.la,available,39,46.99,high,low,8,name.com,,,22/09/2026 21:25
04a68fc5-dfc0-4c1f-83a0-16032be47c17,kangeroo.la,available,27.99,27.99,medium,low,8,namesilo,,,
14d1a13d-876c-4634-b92a-aaa8a94c201c,phallic.la,available,32.98,41.98,medium,low,7,namecheap,,,08/09/2026 18:31
8f2d68ac-055a-4dff-abf8-db2183bf1f5e,pogge.la,available,32.98,41.98,medium,low,5,namecheap,,,17/09/2026 19:01
9a7797cf-4e12-4f09-b56f-b0341842800d,timid.la,available,27.99,27.99,medium,low,5,namesilo,,,11/08/2026 22:46
b922dceb-3144-464d-9a20-afd3f9c8429e,barbacan.la,available,27.99,27.99,medium,low,8,namesilo,,,22/09/2026 04:19
34fdc8d0-2865-49cc-9ef6-3c3e9c0c0ea8,astringent.la,available,27.99,27.99,medium,low,10,namesilo,,,
72e6c3b2-793c-40f5-a522-c572f888fca7,fishy.la,available,27.99,27.99,high,low,5,namesilo,,,18/08/2026 05:32
550a70f6-bd1e-43bf-a54d-1c839899f642,redstart.la,available,32.98,41.98,high,low,8,namecheap,,,18/09/2026 20:37
ea910e73-ca35-4e2d-bb73-83e7985314d7,airdock.la,available,27.99,27.99,medium,low,7,namesilo,,,17/09/2026 23:04
3309b139-6acf-488a-8a4a-ab6a8509c5d3,outlandish.la,available,27.99,27.99,medium,low,10,namesilo,,,10/08/2026 10:37
451a9476-a6e8-456a-a222-6be612acdeb0,napoleonic.la,available,27.99,27.99,medium,low,10,namesilo,,,03/09/2026 13:00
98fa4117-4a6c-49c3-94d5-bda1478bebe4,subscriber.la,available,32.98,41.98,high,low,10,namecheap,,,24/09/2026 17:47
87f2b0b3-127f-4795-82cc-66ca295ea163,publicized.la,available,27.99,27.99,high,low,10,namesilo,,,
f0999526-57bc-44f3-91e5-4832708e49ab,wisent.la,available,27.99,27.99,medium,low,6,namesilo,,,21/09/2026 04:34
e0e5a481-9807-4248-b19e-3e7fc9f6d1ad,roaring.la,available,32.98,41.98,high,low,7,namecheap,,,10/08/2026 19:21
02b73f0c-615c-4f34-b33b-ac4f69f5cf70,erratum.la,available,27.99,27.99,medium,low,7,namesilo,,,24/08/2026 07:21
add6c727-3ab5-44b8-9b36-cc7a74c1bc00,avahi.la,available,32.98,41.98,medium,low,5,namecheap,,,21/09/2026 08:36
42a30ff1-6c40-49b9-b9af-73edbacf9342,satiate.la,available,27.99,27.99,high,low,7,namesilo,,,09/09/2026 14:28
302f53d9-0c7f-4b6c-9ba4-675f007c8c6b,limestone.la,available,27.99,27.99,high,low,9,namesilo,,,
d13a651d-e8c9-4d08-8b44-d19641186d32,mallard.la,available,27.99,27.99,high,low,7,namesilo,,,19/09/2026 03:01
df768609-22e5-4f4a-b3cc-e8e5a288593b,jilted.la,available,27.99,27.99,medium,low,6,namesilo,,,22/08/2026 13:23
cb915e4b-cf93-4c37-8c6b-fd1ec6d2b65c,abruptly.la,available,39,46.99,medium,low,8,name.com,,,13/08/2026 19:17
684e297f-315e-4156-a4ef-86f926af50b6,sounds.la,resell,,,high,low,6,,,,25/09/2026 17:10
d96924e9-b46d-4a3d-8588-55e05cd06f98,imposter.la,available,27.99,27.99,medium,low,8,namesilo,,,09/09/2026 04:57
823d61f0-ee2c-42fd-abe5-e2eabb749df3,beery.la,available,27.99,27.99,medium,low,5,namesilo,,,09/08/2026 08:12
50c97fc0-5dc4-4b0e-8bee-8978f8614795,pierogi.la,available,32.98,41.98,high,low,7,namecheap,,,17/09/2026 14:55
3c6be592-d3f4-4cee-8a85-2f8566d13b1d,revolt.la,resell,,,high,low,6,VIPDomains.LA  Founders Program,24/06/2022 23:15,24/06/2026 23:59,
a9a01206-5b7a-48b0-ad75-bcad61397c65,drawback.la,available,27.99,27.99,medium,low,8,namesilo,,,24/09/2026 23:54
9301fa49-eb1a-4cfb-a582-a7da5db9c917,razorbill.la,available,32.98,41.98,medium,low,9,namecheap,,,18/09/2026 03:39
082912cc-1951-4f67-88fb-eb66d829c45d,lucrative.la,available,27.99,27.99,high,low,9,namesilo,,,25/09/2026 15:34
4c1a738b-3076-4080-b772-95b839c2acbd,carleton.la,available,32.98,41.98,high,low,8,namecheap,,,25/09/2026 15:18
552df54f-9a9c-4a24-9a8f-d94a4715221f,unpaid.la,available,27.99,27.99,high,low,6,namesilo,,,
9f2cd2b7-2ea0-4693-bb71-4eefc126f25a,bust.la,available,27.99,27.99,high,low,4,namesilo,,,23/09/2026 09:51
6bade6d3-04ca-4d10-8b33-1d293c17033c,almsgiving.la,available,27.99,27.99,high,low,10,namesilo,,,18/09/2026 12:43
80deb23b-682e-453e-9613-bff2eee6eddb,funky.la,resell,,,high,low,5,.LA Premium Names Program,06/10/2015 00:26,06/10/2026 23:59,18/08/2026 02:27
7f6cede4-ed70-4cc3-a343-68c7250e7c12,bibos.la,available,32.98,41.98,low,low,5,namecheap,,,23/09/2026 13:02
d103362e-1c57-4e4f-9551-f4b5ca2dd7d4,barely.la,available,39,,medium,low,6,name.com,,,
a43bf270-3fbe-4b29-8fe2-9a909c91577b,amiably.la,available,32.98,41.98,medium,low,7,namecheap,,,13/09/2026 17:50
97ca3b46-97ac-440b-9202-34b123806e7e,boringly.la,available,27.99,27.99,medium,low,8,namesilo,,,14/09/2026 01:08
7ed74f3b-c59a-4056-84da-ef604aae8b5c,wagon.la,available,27.99,27.99,high,low,5,namesilo,,,
047326dd-1d4c-49e3-9097-f5edb7e986e3,sectorial.la,available,27.99,27.99,medium,low,9,namesilo,,,10/09/2026 01:22
ea217832-c8db-4efe-9520-aa61fc87b48d,bawling.la,available,27.99,27.99,medium,low,7,namesilo,,,13/09/2026 07:42
a0aba66b-dcdf-44da-9a8f-9c98969826f2,technicals.la,available,32.98,41.98,medium,low,10,namecheap,,,18/09/2026 20:39
94dcde59-f616-48d7-9ac4-76d8ebc527e0,funny.la,resell,,,high,low,5,.LA Founders Premium Program,08/03/2016 01:27,08/03/2027 23:59,23/09/2026 15:21
99fcb9df-249b-48fe-85e1-7989ac504dfd,fireproof.la,available,27.99,27.99,high,low,9,namesilo,,,18/08/2026 05:07
8fe0372d-083b-4824-bdcc-7f62c631e313,slot.la,resell,,,high,low,4,Dynadot LLC,03/08/2026 07:41,03/08/2027 23:59,25/09/2026 14:06
898d2860-414b-4104-9f8a-848537ea3bd2,sound.la,resell,,,high,medium,5,LA Domain Names,21/04/2017 01:01,21/04/2027 23:59,25/09/2026 13:31
d6fa682b-6e61-4c25-8ad8-a732a2a25545,unreactive.la,available,32.98,41.98,medium,low,10,namecheap,,,12/09/2026 17:50
09846162-1cb9-4ec7-bb7b-966390b8585d,amanita.la,available,27.99,27.99,medium,low,7,namesilo,,,18/09/2026 15:43
010cea37-9f55-4bf5-ad5b-145a4535d2d9,anuria.la,available,27.99,27.99,medium,low,6,namesilo,,,19/09/2026 15:55
8b3c6c64-0ce1-4166-ba15-ef895f356c88,rca.la,available,27.99,27.99,high,medium,3,namesilo,,,25/09/2026 14:08
d78146d0-c940-4079-a318-9384233f8281,caesium.la,available,32.98,41.98,high,low,7,namecheap,,,20/09/2026 23:16
54eee23b-b559-4f4a-82cf-d43371e166fe,damascus.la,available,27.99,27.99,high,low,8,namesilo,,,
c0ac7968-e736-471d-92a0-04824c63770e,atlanta.la,available,32.98,41.98,high,low,7,namecheap,,,20/09/2026 21:31
6e1ffc03-67bb-4bee-a5e7-3bedd558ef82,moderate.la,available,27.99,27.99,high,low,8,namesilo,,,12/08/2026 00:16
979cbe4b-da79-4c9b-a62e-b1a2d0ccffbb,peaky.la,available,27.99,27.99,medium,low,5,namesilo,,,08/09/2026 11:10
8214e80d-3056-4b31-a43b-c110ccdf37e8,faa.la,available,27.99,27.99,high,low,3,namesilo,,,25/09/2026 05:50
6d9f51f5-5258-4960-ad3b-29746ee3d584,paperlike.la,available,27.99,27.99,low,low,9,namesilo,,,12/08/2026 02:45
81216ee7-34d1-4b4f-ab6f-0e85d1fac97e,aligning.la,available,27.99,27.99,medium,low,8,namesilo,,,
b2d0bfb8-8cfb-41fd-96d2-1dea30082de1,piddle.la,available,27.99,27.99,low,low,6,namesilo,,,13/09/2026 08:06
822cd7a2-4ec6-40b8-b98e-614b524cbd87,cordate.la,available,27.99,27.99,high,low,7,namesilo,,,13/08/2026 00:50
d7f7eb73-e842-458b-8a7c-d69f1892014a,moneron.la,available,27.99,27.99,medium,low,7,namesilo,,,25/08/2026 04:30
5408e427-d6e1-4ac7-a11d-086df5722efb,eponymous.la,available,27.99,27.99,high,low,9,namesilo,,,17/08/2026 11:29
1cb8169b-13fc-4955-be91-f9fea27d5e6b,spoken.la,available,27.99,27.99,high,low,6,namesilo,,,
deb478db-82cb-46cf-a9c3-06ce2c0e9e60,bellini.la,available,27.99,27.99,high,low,7,namesilo,,,23/09/2026 06:15
9b14b241-900b-4fca-b26a-52455d040b1e,darkish.la,available,39,46.99,medium,low,7,name.com,,,13/08/2026 18:14
2fd3700c-6d5b-4a48-af67-2995f5e25cb6,cave.la,resell,,,high,low,4,LA Domain Names,10/02/2025 07:29,10/02/2027 23:59,26/09/2026 04:49
1489df16-f6c4-4523-995d-da32c9c0ffe2,sodomy.la,available,27.99,27.99,medium,low,6,namesilo,,,19/09/2026 01:34
399211cb-3544-4f88-a8f2-00c08c6c47ef,norman.la,resell,,,high,low,6,VIPDomains.LA  Founders Program,25/07/2025 01:05,25/07/2027 23:59,03/09/2026 21:18
7e60d3e2-d695-4acf-874f-869a9a927f9c,move.la,resell,,,high,medium,4,LA Domain Names,03/03/2020 16:46,03/03/2027 23:59,24/09/2026 22:31
941e67bb-1c3c-4ab0-924c-fe995d4be109,jokingly.la,available,27.99,27.99,medium,low,8,namesilo,,,14/09/2026 17:23
2c1c954e-7f74-4d07-9b08-fa4492a8aa60,stillborn.la,available,27.99,27.99,medium,low,9,namesilo,,,
c5a90886-5b68-45bd-8880-42a34e69562b,monastic.la,available,27.99,27.99,high,low,8,namesilo,,,12/08/2026 11:57
1ad45d99-2161-46cb-b68a-920458dd8e44,jailhouse.la,available,27.99,27.99,medium,low,9,namesilo,,,08/09/2026 22:44
a5f79b4c-3554-4591-95e4-ff8fa96e04e7,plumb.la,available,27.99,27.99,high,low,5,namesilo,,,12/08/2026 10:05
ed6d428c-050b-425b-80e1-a22ddce0ff94,drafty.la,available,32.98,41.98,medium,low,6,namecheap,,,14/08/2026 18:12
b051787c-3688-4a05-a7b6-735a9884e67e,deprave.la,available,27.99,27.99,medium,low,7,namesilo,,,13/08/2026 02:24
f4634f1d-eb6c-4a24-9bde-8806c4e8dff9,portent.la,available,27.99,27.99,medium,low,7,namesilo,,,09/09/2026 02:55
07e5e4fa-b1fb-4c61-ae7a-49ec62cde2fd,buxom.la,available,32.98,41.98,medium,low,5,namecheap,,,10/08/2026 20:28
3b9d4202-b0b0-4923-bf2e-a0e5653e23da,grieving.la,available,27.99,27.99,medium,low,8,namesilo,,,09/08/2026 15:07
040a0861-1dd0-4b87-94fc-f662e4d29aea,experiment.la,available,27.99,27.99,high,low,10,namesilo,,,23/09/2026 08:49
dcd62fb2-7091-4ed4-b88a-f379da0574e4,squishy.la,available,27.99,27.99,medium,low,7,namesilo,,,10/09/2026 16:26
a8e23b88-acb5-4808-b80f-40f0f80b7207,washable.la,available,27.99,27.99,high,low,8,namesilo,,,13/09/2026 08:29
782dbc5c-5023-4128-be9c-d66d69e00cb6,crisscross.la,available,27.99,27.99,high,low,10,namesilo,,,13/08/2026 07:25
8c6b138a-3990-4e1e-aac1-335fb752bae5,jordan.la,resell,,,high,high,6,,,,25/09/2026 07:04
62eb3028-72c7-4090-a32b-515b8a2315dc,risks.la,available,32.98,41.98,medium,low,5,namecheap,,,20/09/2026 06:40
8c966438-9953-4fa4-9aad-f2fa80085960,bar.la,resell,,,high,low,3,.LA Premium Names Program,09/05/2016 23:46,09/05/2027 23:59,26/09/2026 04:16
c56a141f-4c12-439a-ba0e-1ad7d9ed5d51,surfer.la,resell,,,high,low,6,.LA Founders Premium Program,05/03/2016 01:34,05/03/2027 23:59,
226837a0-3702-48d5-a479-3c92051cbce3,autocracy.la,available,32.98,41.98,medium,low,9,namecheap,,,21/09/2026 06:08
57dcd536-e15f-4e2a-8e6a-5926bf290a5e,collateral.la,available,27.99,27.99,high,low,10,namesilo,,,12/08/2026 16:42
092bdfd6-22f1-404e-8855-4313f51ed02d,biddy.la,available,32.98,41.98,medium,low,5,namecheap,,,23/09/2026 13:45
f87a55f0-cbc2-4bb2-a0bb-856a85c45ac9,slur.la,available,27.99,27.99,medium,low,4,namesilo,,,20/09/2026 14:59
b7a9e80c-b429-47a7-bb99-193f0a3f3697,raised.la,available,27.99,27.99,high,low,6,namesilo,,,23/09/2026 09:46
41aa4187-bfa9-4913-938a-8bc1e6dd5f3f,shaved.la,available,27.99,27.99,high,medium,6,namesilo,,,10/09/2026 06:08
50cb68a3-1438-4b60-b0fa-42eacbc6ccca,wearable.la,resell,,,high,low,8,LA Domain Names,28/12/2017 13:48,28/12/2026 23:59,13/09/2026 08:58
0f5319de-8e50-4808-b107-83b2f9a2de2f,stolid.la,available,27.99,27.99,medium,low,6,namesilo,,,21/08/2026 21:51
a4d467cb-23a0-4cd6-b044-0139da2b32a1,dismal.la,available,27.99,27.99,medium,low,6,namesilo,,,14/08/2026 11:38
0c12c557-e472-4993-9708-6ca7fde6488d,oysters.la,available,27.99,27.99,medium,low,7,namesilo,,,20/09/2026 03:31
28b98b7e-62a4-45d5-86ec-ca52abebc000,fugo.la,available,27.99,27.99,medium,low,4,namesilo,,,21/09/2026 23:09
8eb1b8e0-7456-4548-a7ba-33b61da8099c,somesing.la,available,27.99,27.99,medium,low,8,namesilo,,,
d2a6bcc9-3b82-4649-a08e-493607a2b30f,poof.la,available,27.99,27.99,medium,low,4,namesilo,,,09/09/2026 08:09
8ec99647-10b1-443f-aea3-f3cf54e17be6,freely.la,available,39,,high,low,6,name.com,,,
1a0522dd-4018-4ba0-ad99-e08e2b593b98,shelled.la,available,27.99,27.99,high,medium,7,namesilo,,,10/09/2026 06:25
0e0b984d-f431-44b5-a21e-29235f466b65,welcoming.la,available,27.99,27.99,high,low,9,namesilo,,,13/09/2026 10:14
bbc886bf-6bc5-4d3b-a8d3-dff5adcd2a86,some.la,resell,,,high,low,4,VIPDomains.LA  Founders Program,20/11/2015 00:34,20/11/2026 23:59,19/09/2026 12:35
ce548450-e246-42d9-9f0a-449d13556a89,airing.la,available,27.99,27.99,high,low,6,namesilo,,,17/09/2026 23:12
58d7f4d7-2d35-455c-b714-c7e97afb62f5,drown.la,available,27.99,27.99,medium,low,5,namesilo,,,
652d563e-be07-4c73-b366-f676f115e03f,mosquitoes.la,available,27.99,27.99,low,low,10,namesilo,,,18/09/2026 14:22
f4b33ff0-27bf-4b23-a57a-aa5643170d60,ferrous.la,available,27.99,27.99,medium,low,7,namesilo,,,18/08/2026 02:09
3e30b3c7-ac1b-42ec-bbdf-f8a8bde16d98,candescent.la,available,27.99,27.99,medium,low,10,namesilo,,,11/08/2026 16:39
82c20ba4-a9d5-4ead-81e2-1b045c3e1034,asthenia.la,available,32.98,41.98,medium,low,8,namecheap,,,20/09/2026 17:17
fbdbc54d-db9f-4134-8cfc-cf8e7591033f,addiction.la,resell,,,high,low,9,LA Domain Names,25/04/2023 08:45,25/04/2027 23:59,26/09/2026 01:22
fa0d708e-61a2-4f27-9cb2-5f089e8aefb9,banneret.la,available,27.99,27.99,medium,low,8,namesilo,,,22/09/2026 02:54
9cd4b30d-afd8-4ebf-9276-c20724f42fb6,assisted.la,available,27.99,27.99,high,low,8,namesilo,,,21/09/2026 23:41
d599c851-f20e-4a39-9eaa-ee89a28dde16,accessories.la,resell,,,medium,low,11,LA Domain Names,06/07/2013 14:45,06/07/2028 23:59,26/09/2026 01:20
17174392-7840-4859-acff-e749caf7a086,pinnatifid.la,available,32.98,41.98,high,medium,10,namecheap,,,08/09/2026 19:50
e28dae63-aa79-4f84-acfc-5c38fd28856e,athenian.la,available,27.99,27.99,medium,low,8,namesilo,,,07/08/2026 13:08
46497598-6e08-43c1-bb68-70a6e12639a3,drill.la,available,27.99,27.99,high,low,5,namesilo,,,25/09/2026 00:07
a1544b81-e2c4-4357-8509-ebc7eb431b42,shooting.la,resell,,,high,low,8,.LA Founders Premium Program,03/06/2016 16:26,03/06/2026 23:59,
417b731e-7ff1-4fe5-8f9f-6074d6651a4f,greased.la,available,32.98,41.98,high,low,7,namecheap,,,20/08/2026 19:33
33947469-9228-4941-a369-bba35344bc6f,chiefs.la,available,32.98,41.98,medium,low,6,namecheap,,,18/09/2026 03:19
7614b0b4-170f-4362-9d8c-6b9721745710,fulfilled.la,available,32.98,41.98,high,low,9,namecheap,,,18/08/2026 17:51
3dbbcc5d-b575-41d5-ab38-7557209c24c4,irwin.la,available,32.98,41.98,medium,low,5,namecheap,,,25/09/2026 20:02
f1b74b2c-d828-45ba-ac7f-3e9517485517,plaguy.la,available,27.99,27.99,medium,low,6,namesilo,,,
5f9adec8-ab8c-4c71-840d-aa038eee33f2,splendid.la,available,27.99,27.99,high,low,8,namesilo,,,17/08/2026 16:04
0e20514a-d36b-4fd3-901c-ffaa26088a38,whimsy.la,available,27.99,27.99,high,low,6,namesilo,,,20/09/2026 00:42
95b0846a-bd5f-4131-9817-fb1f3f2a312e,high.la,resell,2309.78,,high,low,4,.LA Founders Premium Program,08/03/2016 01:28,08/03/2027 23:59,24/09/2026 13:54
dfadf873-4d20-4b4d-a758-5c654c36b722,choose.la,resell,,,high,low,6,TLD Registrar Solutions Ltd,18/08/2015 22:38,18/08/2027 23:59,26/09/2026 04:55
c7d38ab1-1962-4de4-9e60-d02b3357bd02,incan.la,available,27.99,27.99,medium,low,5,namesilo,,,22/08/2026 00:44
37fc4f85-f42f-48bf-aeec-bc84d396d079,pillock.la,available,27.99,27.99,low,low,7,namesilo,,,10/09/2026 23:13
cf72db6d-6c1c-4135-b863-bb014b498011,bottle.la,resell,,,high,low,6,LA Domain Names,09/12/2018 07:45,09/12/2026 23:59,26/09/2026 04:34
5737558d-4316-4bad-9478-b0b7076c653d,agitating.la,available,27.99,27.99,medium,low,9,namesilo,,,
d5290eb7-5aef-4c6c-8496-7770ade6a038,pilar.la,available,27.99,27.99,high,medium,5,namesilo,,,08/09/2026 19:37
493e5837-eb5d-49ff-ac9c-b789a3e2bfb3,intestate.la,available,27.99,27.99,medium,low,9,namesilo,,,22/08/2026 08:24
76a4850b-489c-459c-8ac9-8fbd6f8fc107,repellant.la,available,27.99,27.99,medium,low,9,namesilo,,,14/08/2026 10:41
9e8cf8cb-56a1-4e83-b3b1-e7192e2b06d1,checkroom.la,available,27.99,27.99,medium,low,9,namesilo,,,24/09/2026 14:04
e9aca93a-8b5d-4662-983c-95863d5513cc,mazy.la,available,27.99,27.99,medium,low,4,namesilo,,,22/08/2026 17:42
c99f8ad0-d7e8-4f94-a1b2-22a0d16313f9,plentiful.la,available,27.99,27.99,high,low,9,namesilo,,,
2accf25d-e959-4774-945b-0e56bed511cc,welch.la,resell,,,high,low,5,LA Domain Names,08/12/2019 02:04,08/12/2026 23:59,13/09/2026 10:47
1790b111-95f3-4d6e-90dc-97275189ee7d,peppy.la,available,27.99,27.99,high,low,5,namesilo,,,08/09/2026 15:44
4fb4668b-f6d0-4e80-9bb9-dcd51cc75a33,cyril.la,available,27.99,27.99,high,low,5,namesilo,,,25/09/2026 04:29
d899488b-952c-434b-9436-d298db4fa355,northeast.la,resell,,,high,low,9,LA Domain Names,02/11/2018 08:23,02/11/2026 23:59,03/09/2026 21:31
bbf77d17-87f7-4126-b34d-ca30f85bf9bf,reaches.la,available,32.98,41.98,high,low,7,namecheap,,,18/09/2026 18:09
e1a2f0e1-eff9-4208-82bc-067625ea4477,doubly.la,available,27.99,27.99,medium,low,6,namesilo,,,14/09/2026 13:48
5ed13b3d-528d-4c6f-94f6-d2cd5992de4e,piscatory.la,available,32.98,41.98,high,medium,9,namecheap,,,08/09/2026 19:59
3cbbcbc8-89c0-42d1-acd0-e102af940fdb,hexed.la,available,27.99,27.99,medium,low,5,namesilo,,,21/08/2026 07:51
042cd89a-3af6-478a-b871-9a066701ce31,told.la,available,27.99,27.99,medium,low,4,namesilo,,,
4e39c726-4dbf-420d-a6d5-40b2d1ea75bf,securing.la,available,27.99,27.99,medium,low,8,namesilo,,,
9400ff28-e9b7-45ad-b38e-9e8d4b928030,carrie.la,resell,,,high,low,6,VIPDomains.LA  Founders Program,25/02/2020 17:51,25/02/2027 23:59,26/09/2026 04:47
b9dd8b26-b4e2-4748-81a5-10200ce3f70c,artois.la,available,27.99,27.99,medium,low,6,namesilo,,,20/09/2026 12:02
efa2b388-64cb-4048-b2e2-f39febd0178f,comical.la,available,27.99,27.99,high,low,7,namesilo,,,23/09/2026 15:19
026ca0a1-1f63-4af4-a7be-e5526a01b16f,visionary.la,resell,,,high,low,9,LA Domain Names,31/10/2017 08:23,31/10/2026 23:59,13/09/2026 06:13
44b11b4f-b9db-4808-bc46-e47cbd8ea158,vaporing.la,available,27.99,27.99,medium,low,8,namesilo,,,11/08/2026 00:58
6ebd436c-5c41-49cb-b927-07834909f546,onymous.la,available,27.99,27.99,medium,low,7,namesilo,,,04/09/2026 15:26
f5d94406-8d35-4876-9781-e4d3adba536f,metallic.la,available,27.99,27.99,high,low,8,namesilo,,,24/08/2026 21:34
14b182ff-07f0-4122-97c0-98f458cb4bc0,diverted.la,available,27.99,27.99,medium,low,8,namesilo,,,
1cc1d6a0-59d6-42b6-bf3e-65463c004811,unowned.la,available,27.99,27.99,medium,low,7,namesilo,,,04/09/2026 22:16
866b265a-487a-437c-b71d-ec47e47e3552,agar.la,available,27.99,27.99,medium,low,4,namesilo,,,17/09/2026 16:14
7b490a77-20b3-45f8-b290-b048be2d1a61,pyrenees.la,available,27.99,27.99,high,low,8,namesilo,,,
9c7fe47f-848f-4e2d-8428-64ff93a0bca0,responsible.la,resell,,,high,low,11,,,,25/09/2026 11:15
7783b795-636d-42c0-8396-de2532dcd532,bury.la,available,27.99,27.99,high,low,4,namesilo,,,
9ff77bfa-de97-493a-9ed8-1ae99232a5b1,hodgkin.la,available,32.98,41.98,medium,low,7,namecheap,,,18/09/2026 01:43
15c1a81e-b59f-4b8e-a945-01b33b9ad7e0,harmonized.la,available,27.99,27.99,high,low,10,namesilo,,,12/08/2026 22:50
0b98bb0a-657c-466c-ba38-f1da51ce4241,frenzied.la,available,27.99,27.99,medium,low,8,namesilo,,,18/08/2026 14:21
f3406dd2-a62a-47da-b7d9-853a540b1984,basilicata.la,available,27.99,27.99,medium,low,10,namesilo,,,22/09/2026 10:50
f0ab5fa0-bd86-408b-bebc-c208d1ee0335,whenever.la,available,39,,medium,low,8,name.com,,,
7dbd5ad9-fafe-46b0-9c80-036481203b9c,hannukah.la,available,27.99,27.99,medium,low,8,namesilo,,,
75ca1000-6ecc-448f-94bd-eab0e5a18a6e,ashlar.la,available,27.99,27.99,high,low,6,namesilo,,,20/09/2026 13:55
bfd50038-2b22-444c-92bf-b3aa17bf93f8,offish.la,available,27.99,27.99,low,low,6,namesilo,,,04/09/2026 01:35
485f861c-34f1-4634-99ed-1acd80f17c25,prompts.la,available,27.99,27.99,high,medium,7,namesilo,,,20/09/2026 08:06
4ba775ed-bae2-4dc3-9b39-4e21705f4f77,shove.la,available,27.99,27.99,high,low,5,namesilo,,,
07b87403-da17-4481-85f0-830b41e99cc9,brusk.la,available,27.99,27.99,medium,low,5,namesilo,,,11/08/2026 07:03
63aba0b4-bba5-45e8-978d-73720dd1760a,camomile.la,available,27.99,27.99,medium,low,8,namesilo,,,19/09/2026 13:02
8d7420aa-ced7-4ca4-8817-2aa4060a11dd,lank.la,available,27.99,27.99,medium,low,4,namesilo,,,22/08/2026 19:32
2c03ec20-9a72-4cc4-856c-afad4e1562e8,monoatomic.la,available,27.99,27.99,medium,low,10,namesilo,,,25/08/2026 04:18
3724003c-4b81-4ec1-9443-a7d2eff5b90b,aureole.la,available,32.98,41.98,high,low,7,namecheap,,,21/09/2026 04:18
f79d6cc1-07ad-41d9-884b-3951e6af6ee7,oxonian.la,available,27.99,27.99,medium,low,7,namesilo,,,04/09/2026 22:32
88d620c6-203d-4e78-a5e4-f035508a5540,shoreward.la,available,27.99,27.99,medium,low,9,namesilo,,,22/08/2026 07:00
98341c5d-7558-478a-b429-dfec4118e03d,involve.la,available,27.99,27.99,high,low,7,namesilo,,,
60e276fe-70b5-455b-9028-ea9b84e398c0,silvan.la,available,27.99,27.99,medium,low,6,namesilo,,,19/09/2026 11:29
0bfb6c3a-c7a0-498d-8c6c-fecd428fa81d,psyche.la,available,39,,high,low,6,name.com,,,
13f02b38-b0ea-4361-90c4-1cf2401ee090,pontiff.la,available,27.99,27.99,medium,low,7,namesilo,,,23/09/2026 21:52
e38af30f-aad9-445b-8dff-14c21911afba,guinean.la,available,32.98,41.98,medium,low,7,namecheap,,,20/08/2026 20:52
961f7400-d7b9-441f-882b-4c52f523590d,cereal.la,available,27.99,27.99,high,low,6,namesilo,,,12/08/2026 00:26
e134b5f0-cf6d-4959-a748-25ef05a0de87,boldface.la,available,27.99,27.99,high,low,8,namesilo,,,10/08/2026 17:43
008811ef-8d9f-40ab-80ff-4931a7f98f2c,cleaner.la,resell,,,high,low,7,LA Domain Names,19/04/2023 09:17,19/04/2027 23:59,
9cc8911c-c221-40a4-b55c-86082df7d146,hedonic.la,available,27.99,27.99,medium,low,7,namesilo,,,21/08/2026 05:52
7a0e47a2-896f-4143-8a5f-399214e21736,unselfish.la,available,32.98,41.98,high,low,9,namecheap,,,12/09/2026 19:16
d90464a9-cd78-45e2-aaa7-ec144d07dfc8,supplement.la,available,27.99,27.99,high,low,10,namesilo,,,17/09/2026 06:43
37edbf26-c993-49f1-b55b-03a786992d1e,inaudible.la,available,27.99,27.99,medium,low,9,namesilo,,,22/08/2026 00:33
8cb41669-53e3-4801-9cf9-51e2c389625f,beardless.la,available,27.99,27.99,medium,low,9,namesilo,,,09/08/2026 04:43
5df6a908-72b7-4212-8a15-44481ad84e97,rampageous.la,available,27.99,27.99,high,medium,10,namesilo,,,09/09/2026 10:10
8fbd3d14-aa27-4ffc-b036-b28bb88d7c09,cryptical.la,available,27.99,27.99,medium,low,9,namesilo,,,11/08/2026 12:19
54d1e403-8809-4d44-8fc3-75afd6bce668,senegalese.la,available,27.99,27.99,high,low,10,namesilo,,,10/09/2026 03:43
fa28fc80-d509-4228-a672-0e1479d823b7,tricks.la,available,32.98,41.98,medium,low,6,namecheap,,,25/09/2026 17:54
c3d0bfce-3f61-49c2-a95f-d3c9f4e0fca3,martian.la,available,27.99,27.99,high,low,7,namesilo,,,24/08/2026 16:37
7aa95bb7-a9b3-4add-9619-416357d806cd,swot.la,available,32.98,41.98,high,low,4,namecheap,,,10/08/2026 18:21
cbc5600d-ceb6-402d-9327-5ee59e23562d,education.la,resell,,,high,low,9,LA Domain Names,30/08/2017 16:27,30/08/2027 23:59,25/09/2026 10:41
f4e6987b-e281-4a72-9ba8-0a9c5872b8e4,beshrew.la,available,39,46.99,medium,low,7,name.com,,,13/08/2026 16:19
c864679d-3d75-4704-a2d1-cccb35469758,alsatian.la,available,27.99,27.99,medium,low,8,namesilo,,,
f0761b77-8d34-47c7-ba61-ea48b3e9d3c4,thorough.la,available,27.99,27.99,high,low,8,namesilo,,,17/08/2026 17:10
cbf691c2-3b10-4e90-90ff-d964b27c6225,torch.la,resell,,,high,low,5,LA Domain Names,02/08/2021 08:20,02/08/2027 23:59,20/09/2026 10:46
3e68980d-280d-4af9-9a1d-058a3c20fe49,churlish.la,available,27.99,27.99,medium,low,8,namesilo,,,12/08/2026 07:49
09630c22-8a5a-4b19-9c0c-0f431aee9f82,explain.la,available,27.99,27.99,high,low,7,namesilo,,,
4e8b53cc-4c6f-45ed-9833-e1680c16050a,glancing.la,available,27.99,27.99,high,low,8,namesilo,,,
c87159af-f919-440b-a1ea-f9cd4a8a52fd,asl.la,resell,,,high,low,3,VIPDomains.LA  Founders Program,29/02/2020 05:21,28/02/2027 23:59,26/09/2026 04:04
28ef3ad6-9832-4fc5-9422-1dc4e2b150b8,nightly.la,available,27.99,27.99,high,low,7,namesilo,,,03/09/2026 17:22
bf88a750-ea09-435c-bdd8-cc54021e9e15,vestibular.la,available,27.99,27.99,medium,low,10,namesilo,,,13/09/2026 04:52
a56bd9ee-b588-44cc-842f-3cbc6b323065,woollen.la,available,27.99,27.99,high,low,7,namesilo,,,13/09/2026 13:15
e6c7869e-5893-4b06-9619-2b02217aa324,avellan.la,available,27.99,27.99,medium,low,7,namesilo,,,07/08/2026 22:24
6a528733-7f53-4462-8f9b-0d18f409878a,unleavened.la,available,27.99,27.99,medium,low,10,namesilo,,,12/09/2026 14:46
c5242f00-158a-4437-a3c0-1a1a6d0e3110,unthinking.la,available,27.99,27.99,medium,low,10,namesilo,,,24/08/2026 11:16
88ff0c3a-9af6-4816-a291-ff57a8153068,triumphal.la,available,32.98,41.98,high,low,9,namecheap,,,17/08/2026 19:54
bfc7f001-ca05-4d22-98e0-a3a895390a92,spheric.la,available,27.99,27.99,medium,low,7,namesilo,,,08/08/2026 10:16
052d94ba-79a4-4995-ab29-830d4584259d,asks.la,available,27.99,27.99,medium,low,4,namesilo,,,25/09/2026 17:36
eff134fb-d490-430f-9968-823825121ef2,gainful.la,available,27.99,27.99,high,low,7,namesilo,,,18/08/2026 19:30
1b32ceb7-0e38-4c13-8ea9-ab5960b6c064,dryly.la,available,27.99,27.99,medium,low,5,namesilo,,,14/09/2026 14:21
32a64b3c-9db0-46e0-8181-80fd305e775a,cashiers.la,available,27.99,27.99,medium,low,8,namesilo,,,20/09/2026 14:34
4f2ff3ce-22a5-4aeb-80fa-50c390dd164b,repeatable.la,available,27.99,27.99,medium,low,10,namesilo,,,09/09/2026 09:08
4582d257-4c47-4bb7-94e3-acd0998496fb,commit.la,resell,,,high,low,6,LA Domain Names,02/07/2022 12:49,02/07/2027 23:59,17/09/2026 11:20
7669f53d-8e57-4b7b-8951-329731c51884,fix.la,resell,,,high,low,3,LA Domain Names,01/08/2023 09:02,01/08/2027 23:59,20/09/2026 09:48
b965a260-5bf4-4627-9ac9-adee65dd2eb3,schnabel.la,available,27.99,27.99,medium,low,8,namesilo,,,20/09/2026 12:04
90d12796-ea5b-4ad9-9348-de6ee473115b,middlemost.la,available,27.99,27.99,medium,low,10,namesilo,,,24/08/2026 22:27
d6f437d8-49b0-40b6-bca9-9a40c018c94f,male.la,resell,,,high,low,4,.LA Founders Premium Program,03/03/2016 01:38,03/03/2027 23:59,25/09/2026 16:34
eafac42b-8452-455a-bd9d-cbc9ff870d7d,riveting.la,available,32.98,41.98,high,low,8,namecheap,,,21/09/2026 15:09
a9ce45dc-f6cf-4f07-acd1-3c9694666bd2,anaerobe.la,available,27.99,27.99,medium,low,8,namesilo,,,19/09/2026 01:18
7783458a-e816-43fd-81f8-1b88814b27d7,incidental.la,available,27.99,27.99,high,low,10,namesilo,,,
cca60b65-dd2b-4d19-b368-0f173d81ab58,scapegrace.la,available,32.98,41.98,medium,low,10,namecheap,,,24/09/2026 01:41
41cf0297-f5e5-455e-8d3d-d7e681b890e7,backed.la,available,27.99,27.99,high,low,6,namesilo,,,08/08/2026 05:33
ab67e0c6-eff7-43b3-a829-337040384c9a,speculate.la,available,27.99,27.99,high,low,9,namesilo,,,
9713583c-6a2d-4ec3-a573-28db9bb7e79e,dysprosium.la,available,32.98,41.98,medium,low,10,namecheap,,,20/09/2026 23:28
2f748ed0-2094-424e-9cf7-e093b1caadcb,refractory.la,available,27.99,27.99,medium,low,10,namesilo,,,18/08/2026 13:55
53d8ddfa-a398-4ba3-bc83-330129636980,baa.la,resell,,,high,low,3,LA Domain Names,24/03/2024 08:20,24/03/2027 23:59,26/09/2026 04:11
ef66e6b2-5df0-4cfd-bbf3-d624662b6efe,coffeecake.la,available,27.99,27.99,high,low,11,namesilo,,,
4a3afa0a-f9fc-42c2-ba1b-641c71301fc1,fiery.la,available,27.99,27.99,high,low,5,namesilo,,,06/08/2026 16:24
79097b2f-b2ec-414c-b825-88540d1e0e47,shun.la,available,27.99,27.99,high,low,4,namesilo,,,24/09/2026 02:00
05bb9b48-41d6-4d5a-bf48-f8bb65fe2779,artemia.la,available,27.99,27.99,high,low,7,namesilo,,,20/09/2026 10:09
422aaadb-f4e1-41c0-b724-f97e2d6bdd5d,righted.la,available,32.98,41.98,medium,low,7,namecheap,,,20/09/2026 15:58
57f3a08f-a0f2-42a8-939d-bb1eca6a69c4,papillary.la,available,27.99,27.99,medium,low,9,namesilo,,,05/09/2026 01:21
73da18b3-4608-4eeb-9443-389d31bede99,verbose.la,available,27.99,27.99,medium,low,7,namesilo,,,24/08/2026 09:27
2f715d98-6da7-4092-9e53-873aa7538269,rockefeller.la,available,27.99,27.99,high,low,11,namesilo,,,25/09/2026 12:15
5970e6c3-8eac-490f-b5da-088d7482d4ec,anonymity.la,available,32.98,41.98,high,low,9,namecheap,,,19/09/2026 11:38
734f8f84-3e49-4815-9060-8f536bc46b41,seventy.la,available,27.99,27.99,high,low,7,namesilo,,,
b09689ad-a3c2-4221-9746-ac96067b5daa,miserly.la,available,27.99,27.99,medium,low,7,namesilo,,,24/08/2026 23:45
6c3a7cb2-88dd-4043-9d0c-8b6d351dfb7a,goosebumps.la,available,27.99,27.99,medium,low,10,namesilo,,,19/09/2026 00:04
3fb4e219-9680-4215-a4e1-4eea0da98e45,pianoforte.la,available,32.98,41.98,high,medium,10,namecheap,,,08/09/2026 19:29
4c9401bd-8a98-48ac-b56b-c03c91b2fac6,judges.la,resell,,,high,low,6,.LA Founders Premium Program,17/03/2016 23:55,17/03/2027 23:59,
3396a45d-80b7-4ddb-8f09-118339b22ce7,baguet.la,available,32.98,41.98,medium,low,6,namecheap,,,21/09/2026 18:30
db225e7b-4318-40b6-8121-35465b3f9c23,replies.la,available,27.99,27.99,medium,low,7,namesilo,,,18/09/2026 09:15
ce5263d3-289b-4c6f-b533-a6cf890fec95,stem.la,resell,,,high,low,4,LA Domain Names,23/05/2017 21:11,23/05/2027 23:59,18/08/2026 11:29
d65f4ae9-fe5d-4881-8d2e-b69dc37a47fe,fairish.la,available,32.98,41.98,medium,low,7,namecheap,,,17/08/2026 21:12
d5341b0f-0da2-4e6f-8596-8aa65c1803f0,univalent.la,available,27.99,27.99,medium,low,9,namesilo,,,12/09/2026 14:00
17e04be2-6b39-4844-a755-88578b1aff26,far.la,resell,,,high,low,3,LA Domain Names,15/01/2023 01:23,15/01/2027 23:59,24/09/2026 16:56
864a1ccf-5ee0-4049-8b4d-4b0b86fc812f,motor.la,resell,,,high,low,5,LA Domain Names,08/09/2017 17:13,08/09/2027 23:59,25/09/2026 21:51
3ccee587-6f6d-40ed-98c2-cf3a29a5cd45,balsa.la,available,27.99,27.99,high,low,5,namesilo,,,21/09/2026 23:56
5488b3ac-b2c7-4460-974b-6362cae82d1f,antacid.la,available,32.98,41.98,high,low,7,namecheap,,,22/09/2026 05:43
a9a9de2a-3362-4419-8215-d56db18c40e7,changes.la,available,27.99,27.99,medium,low,7,namesilo,,,
76c58402-62ec-44b9-8f0b-302fd7ad87dd,apiarian.la,available,27.99,27.99,medium,low,8,namesilo,,,05/08/2026 23:53
c9a76e3b-dbd6-44de-9f47-1ab68421659a,jacket.la,available,39,,high,low,6,name.com,,,
bf27ae2c-0cc1-4128-b4a9-63af21b717a3,peninsu.la,resell,,,high,low,9,LA Domain Names,22/08/2020 08:12,22/08/2027 23:59,22/09/2026 08:45
b0d3ffa4-606b-4e9c-85f7-5e2f42381ff0,focussed.la,available,27.99,27.99,high,low,8,namesilo,,,18/08/2026 09:47